date,momentum,profitability,quality,short_term_reversal,size,value
1927-01-31,9.989468217092372e-06,0.08662438667871564,0.4681058766483877,0.24504146387741704,9.71796034133127e-06,0.2002085653669211
1927-02-28,0.48147820561681337,5.309538620310141e-06,0.036089241350554455,0.20949126201473858,0.21260327213493935,0.06033270934433393
1927-03-31,9.230422098111052e-05,0.22741485217285276,0.0001221531058634245,0.6159777851115953,0.1563570313279663,3.587406074113841e-05
1927-04-30,8.717624261994245e-05,8.681996994835265e-06,7.495543705892542e-05,0.1777098441670036,0.21179552402058835,0.6103238181357343
1927-05-31,3.635166474968029e-05,0.6890450685244872,4.250298429537888e-05,0.1395287279743056,0.1099570294151595,0.0613903194370024
1927-06-30,1.5677396332134557e-05,0.045714814089505056,1.1766224294503744e-05,7.853158607412485e-07,8.130604008394482e-06,0.9542488263699991
1927-07-31,0.0004159400577860049,0.000645493421830609,0.00040819466452217027,0.00018990551395048523,0.9981377354632026,0.00020273087870811311
1927-08-31,0.14904760380708612,0.09066081265205732,0.0638501436897222,0.6964296189855017,5.50523152283377e-07,1.1270342480365443e-05
1927-09-30,0.00010465734417408097,8.926768879464042e-05,8.099273857030772e-05,0.5465737397512421,0.15060063192732595,0.30255071054989285
1927-10-31,8.73898334037923e-07,0.03354731588354242,0.13998377025020964,0.8264403472938321,2.0589975374496284e-05,7.1026987072822986e-06
1927-11-30,3.558740254517144e-06,1.0633176414032406e-05,6.015532180677459e-07,0.9999708424458958,7.86193239257167e-06,6.502151825005371e-06
1927-12-31,0.2826882083587151,0.1615509678325153,0.2864663812304351,0.08758942276678784,0.02869818108706952,0.1530068387244773
1928-01-31,7.955108117804495e-06,0.07066322573671542,8.964249560994775e-06,0.8603331818131956,9.577075616827986e-06,0.06897709601679339
1928-02-29,0.43548540331150776,0.3295863730224147,0.234882673473699,1.4239384250814261e-05,3.5149245946195234e-06,2.7795883533059968e-05
1928-03-31,3.320627879932822e-05,2.8205899823766752e-05,3.694835851683398e-05,0.7889597551745063,0.16619869335953386,0.044743190928819815
1928-04-30,0.3178218159025386,0.2569771856341983,0.08113745951158427,0.22600140835188212,0.00018469004650678987,0.11787744055329008
1928-05-31,0.3080312482235855,0.09398480874240835,0.314002227038174,0.14070957688957805,0.06747102552741305,0.07580111357884123
1928-06-30,3.0212297827394198e-05,0.00043195276372272844,7.859963269673372e-05,0.00024911910608256993,0.9989442768335463,0.00026583936612431167
1928-07-31,7.70755947610165e-05,5.714400466550008e-05,0.00010296740449926142,4.922622427864058e-05,0.27783998694120143,0.7218735998305941
1928-08-31,0.00010734319293839643,0.00011527323258979009,0.43160019349998124,0.19880583252363374,0.09927275504525943,0.27009860250559753
1928-09-30,8.15260158625796e-05,4.9363507787775764e-05,0.999798062237529,4.5625406893333494e-06,5.76171383839352e-05,8.868559747542391e-06
1928-10-31,6.326344016502408e-05,4.265865980156988e-05,3.457982296650584e-05,0.5795299391909109,0.35857977543264896,0.06174978345350696
1928-11-30,0.00011257032971532363,0.00010154226642884213,0.2304627080790753,0.13398114315430734,0.5800672825995422,0.055274753570931076
1928-12-31,0.00016601090075947557,0.00013875669986921648,9.767993191324461e-05,0.7915032579735365,0.2080654747646792,2.8819729242361334e-05
1929-01-31,0.0001017908088836702,8.49469057905998e-05,4.271434280504945e-05,0.14520087090750872,0.1430484798396409,0.7115211971953711
1929-02-28,0.0001531851068728953,0.00010228799858571831,0.9996299188451871,8.926432852620227e-05,1.5653326985563498e-05,9.690393842503505e-06
1929-03-31,0.17853373055623495,3.93701737192582e-05,1.0699708874912293e-05,0.2882035962821617,0.5331909787836264,2.162449538281697e-05
1929-04-30,0.00016000861839813983,9.321724297654298e-05,6.49767851540355e-05,5.423772382976799e-05,0.609276419863581,0.39035113976606045
1929-05-31,3.340711553797602e-05,3.0095550541023146e-05,0.00010414823929890764,0.8830701495987853,0.11667615328269855,8.60462131382817e-05
1929-06-30,0.0015853145943960504,0.001233039610659915,0.0004590796894426917,0.00025034403676569666,0.5250201008807552,0.4714521211879803
1929-07-31,0.00024393945219361094,1.63108130074406e-05,0.00014682201155807894,0.6163384048104845,0.3832057024889367,4.882042381971652e-05
1929-08-31,0.0003153910332108118,0.0001198488471040449,0.00018031530303905477,0.5437188042338684,0.09620369823532376,0.3594619423474538
1929-09-30,1.1758840694406783e-05,0.01515280170763864,9.635609301972534e-06,0.7397545415698653,1.440068377113928e-06,0.24506982220412252
1929-10-31,0.0009917980323784516,0.988146786000725,0.0033408263072139894,0.0017782001358783075,0.00046400991431419844,0.005278379609490154
1929-11-30,6.544446071820646e-05,0.1328794907153958,0.0002009551611584905,0.8665952709123661,6.616553435211666e-05,0.0001926732160093121
1929-12-31,1.718382652609162e-05,3.961029258982473e-05,3.046204742157773e-06,1.4136343010825035e-05,0.023377239101938226,0.976548784231193
1930-01-31,0.1228876237174866,0.7390741225360239,0.13761581691320027,0.00014023884182458698,0.0002794441940236971,2.7537974411071524e-06
1930-02-28,0.2639532451299382,3.475715662316655e-05,0.13446372509345694,1.3315193084649393e-05,0.40866705701705414,0.19286790040984284
1930-03-31,0.11561631549341997,3.393596836659208e-05,0.15162776341569117,0.1638657628318011,0.00012461098504570076,0.5687316113056754
1930-04-30,0.00012246466334371893,6.166670664187596e-06,6.702081317236994e-05,0.45424734838476905,0.43502539385960376,0.1105316056084471
1930-05-31,0.8313704767162043,0.08995035887239525,4.652262080301562e-06,7.143349796205524e-06,0.07865209175897088,1.5277040552994366e-05
1930-06-30,0.00011084844660995118,0.05127282007188949,0.000271983416921068,0.2472590186297188,0.7010064300731492,7.88993617115421e-05
1930-07-31,0.3172305562165883,0.00015558971180824332,0.1889987729084986,0.00013270572288369038,0.4934434026166721,3.8972823549034786e-05
1930-08-31,0.0005430782139301404,0.0002558386256032894,0.000276130129231245,0.0002818993554888986,0.5226999300524765,0.47594312362326985
1930-09-30,0.00034276548166184894,0.09188870969912379,0.0004166723296335496,0.4584941101777124,0.44878940927060834,6.833304125990845e-05
1930-10-31,3.318297394221554e-05,0.01668858129344027,4.102188815393505e-05,0.03776964693437391,4.63216372379584e-06,0.9454629347463658
1930-11-30,0.07787596775499292,1.1057393702209945e-05,0.03318940767764601,0.4994223986289889,0.3894884075736356,1.2760971034366122e-05
1930-12-31,0.00025236832271950346,0.12668912133054563,0.00018335771760192015,2.783256625986176e-05,0.07020992469324738,0.8026373953696256
1931-01-31,0.3568274024850274,0.0007420852870810025,0.6398561985502372,0.0011602874840046266,0.0012045248260760038,0.00020950136757376677
1931-02-28,0.0423043634479285,0.0003578146446541669,0.03575553734921011,0.9213921842259389,0.00014790266537304894,4.219766689540906e-05
1931-03-31,0.0007752134713428227,0.2770356082155417,0.0006904928619207777,0.00032644386027745473,2.3153766582041474e-05,0.7211490878243352
1931-04-30,0.00016811667044127032,0.6186208294587323,0.00025216019848016993,0.206075774663247,0.08641493056989426,0.088468188439205
1931-05-31,0.0034196116795916346,0.9893229157446793,0.005041914355569289,0.00017846769263406208,0.001148775226952261,0.0008883153005733114
1931-06-30,0.507263811636259,0.00837684167890117,0.47927236582898786,0.002981157545685904,0.0007341107340065639,0.001371712576159529
1931-07-31,0.0005808857508982572,0.22072918317066945,0.0005330286254582803,0.00031371096089202776,6.170572368773073e-05,0.7777814857683942
1931-08-31,1.3189724831114427e-07,4.58954851225615e-05,0.08179501466858007,0.5220444514641859,0.06985978083266725,0.326254725652196
1931-09-30,0.0007764801534152467,0.20037309635493272,0.0019059087958044625,0.0002919485739983917,0.7963903676160892,0.00026219850575981543
1931-10-31,3.899881616611469e-06,3.131853212568346e-05,0.012246650396518304,3.3445007806922686e-05,3.1035170118164695e-06,0.9876815826649206
1931-11-30,0.0034048640696461383,0.990139685082612,0.0039385231444871984,0.0009510576520503233,0.0003305339300392367,0.0012353361211650926
1931-12-31,0.0009177000406980304,0.35638321919606986,0.0009165576108827828,0.5102633316918818,0.1314494751375696,6.971632289785565e-05
1932-01-31,0.023926721806417143,1.8949343508855147e-05,0.03403211021800501,0.0001110793599497498,0.00014196683564314576,0.9417691724364761
1932-02-29,1.7256445374212918e-05,0.0006494414599789814,0.00019305362533853963,0.0001466603560021591,0.21700777921052478,0.7819858089027814
1932-03-31,0.0006817897541191792,0.07512034625167482,0.0007884397430993597,0.00019605307093630256,7.111627128799318e-05,0.9231422549088822
1932-04-30,0.00011270654484337734,0.020522324752680447,0.0001436965713302175,0.7992274884439643,5.287517738985666e-05,0.1799409085097918
1932-05-31,0.0013922958049880066,0.0681204039473293,0.0014172679748669585,0.6666222459021746,0.0003585300520521927,0.2620892563185889
1932-06-30,0.1250484897881973,5.6246420369302766e-05,0.05890679344477045,0.0001056018316254368,6.154155821022329e-06,0.8158767143592166
1932-07-31,0.07941349981638433,0.004814055876140932,0.07099324393022675,0.5099291384091978,0.0033254908119660248,0.3315245711560841
1932-08-31,0.12737237583638258,0.005673253766567465,0.10556505411296635,0.4167627955455792,0.018141676056866566,0.32648484468163796
1932-09-30,0.9003216990969573,0.00032058890754114094,0.00019070395387056835,0.00012666974389428373,0.09877927493105106,0.00026106336668565695
1932-10-31,0.47967130089938953,6.906391932655747e-05,0.00215432632317156,0.0006696718405815471,0.5162912350127705,0.001144402004760088
1932-11-30,0.5309037251579984,0.0003040938699022793,0.0008842738176717826,1.7432120993499665e-05,0.4671961358576269,0.000694339175807141
1932-12-31,6.56476399163603e-05,0.0001735901115439045,7.630077306043763e-05,0.9849234961948838,0.01466890328240778,9.206199818748728e-05
1933-01-31,0.3229415974977237,1.4791495120508357e-05,0.2824331160925592,5.047360090709984e-05,0.394441749751492,0.00011827156219747692
1933-02-28,0.001644157942119224,0.9867924146891387,0.008070107119947323,0.0004269974016480691,0.0007360987467414329,0.002330224100405257
1933-03-31,1.9911082808048077e-05,2.285881068066689e-05,0.9451181102194595,4.538867658324149e-05,4.120938896623926e-05,0.05475252182150238
1933-04-30,0.22024712790098658,0.00588916829942822,0.13506749139247204,0.3889693894849463,0.0031596944262741685,0.24666712849589273
1933-05-31,0.030378552293052336,0.016298021122993594,0.02201890513146833,0.9103960573596239,0.0014291560774823547,0.019479308015379625
1933-06-30,0.32789897491357284,0.15706356899624455,0.08906691195633819,0.3474302796290558,0.00019027542662318318,0.07834998907816555
1933-07-31,0.9989041303651404,7.338249372424655e-05,0.00026300389688420497,0.00046154845826106434,0.00011070861895669052,0.00018722616703344193
1933-08-31,0.0009665183393418148,0.0010268189758806906,0.0002274786752552334,0.00011233940405665548,0.3118356135821987,0.6858312310232669
1933-09-30,0.00026379610927056423,7.235677405173425e-06,0.0014074182765728184,0.6741088900925019,0.3232533992134358,0.0009592606308137298
1933-10-31,0.09897226256597114,0.7601896668869564,6.495702210450293e-05,0.08905672119065638,0.051639170188935546,7.722214537596782e-05
1933-11-30,3.1627082575617934e-05,7.727922423612047e-05,0.27436130582163953,0.40576679574095914,0.03066498163449658,0.2890980104960929
1933-12-31,3.8401639544658465e-06,0.11878077523991873,3.507856911409481e-06,0.08891112019994192,0.7922987052711261,2.051268147543752e-06
1934-01-31,0.046911856823130746,0.0595629486272432,0.052719801027667094,0.7828656806486208,0.0011608896379847727,0.056778823235353465
1934-02-28,5.151012849947358e-05,0.9954242252056428,0.00027037382285600016,0.00041743760642042944,0.0026695711864731775,0.0011668820501080704
1934-03-31,5.7615784107353126e-05,3.5243231474626647e-06,3.602041901855872e-05,0.655325874540909,0.34456157592292874,1.5389009888953495e-05
1934-04-30,0.42093133492428864,0.5780743784006303,9.727057966005204e-05,0.00013751939261017783,0.0002735926482043122,0.0004859040546064204
1934-05-31,6.913483305922248e-06,0.0001734478540874505,0.0005372285283073716,0.5004436066466535,0.49791653638067657,0.0009222671069691535
1934-06-30,5.1506108096987475e-05,0.00011384617156210477,0.00010889056632949229,0.869344767956694,0.1302392701116928,0.0001417190856244589
1934-07-31,0.007307515307510137,0.0022158140812296684,0.011308071418102748,0.00016031076095702188,0.9703411362915211,0.008667152140679412
1934-08-31,0.11798821591844996,0.7502225871772065,0.06835484137135266,0.00013244087716426462,0.00010166254877496609,0.06320025210705167
1934-09-30,0.09194615062960398,0.19283124252568878,0.687669376767902,1.20573696373694e-06,0.02754682651045842,5.197829383201394e-06
1934-10-31,0.0003803413315969029,0.5108897262076978,0.000572382582899759,0.00010972065587800932,0.4876256718360445,0.00042215738588310487
1934-11-30,0.29808000555380015,6.33663902547716e-05,0.24673095103124332,0.2788537686538301,0.00011261488611953582,0.17615929348475223
1934-12-31,6.363411804125661e-05,0.3411254688957465,6.647510359251781e-05,0.6587133687739668,1.7718092553793086e-05,1.333501609909088e-05
1935-01-31,0.0013182692098043505,0.9956305302377144,0.0019456831404404719,7.947068337410189e-05,6.862134334664854e-05,0.0009574253853198393
1935-02-28,0.0007234849320299166,0.8783349343876844,0.0010072859070074185,4.002158853502903e-05,0.11941725614437765,0.00047701704036570166
1935-03-31,5.881697005981084e-07,0.963614108488428,5.871451290279137e-06,0.0260666717149747,0.010302950127548489,9.810048058064011e-06
1935-04-30,0.2370288439328714,4.405512819533343e-05,0.2316617330782524,5.566522734587094e-05,0.00036616639667458176,0.5308435362366605
1935-05-31,0.24186193798662264,0.00010627847326986075,0.24292060259791828,1.4602737233850118e-05,9.022377744174708e-05,0.5150063544275136
1935-06-30,0.09095441269494264,6.48822259876464e-05,0.05798176759919416,0.09893398750254852,0.03664882889521523,0.7154161210821117
1935-07-31,0.48186522724715347,9.798390371056354e-05,0.18558018358015577,7.439882087269358e-05,0.0008142472903296624,0.33156795915777787
1935-08-31,0.2711334018407946,0.14245511474492253,0.12423865058221935,0.26906267301358955,0.0006181656653935512,0.19249199415308044
1935-09-30,5.195426060330062e-05,1.434973888823934e-05,2.7710837360376226e-05,9.905277417328263e-06,0.3358878769968628,0.664008202888868
1935-10-31,0.00015796699369440817,0.3761800700133544,0.4135524611058959,4.320938791155627e-05,0.00012323165093506736,0.2099430608482085
1935-11-30,0.44914532984262046,0.2546501048608909,0.15104999018618162,0.0001721942174423422,0.0007522659350831057,0.14423011495778168
1935-12-31,0.00018067497074615102,0.27815288605281313,0.21951518214792756,0.3402383495481642,0.00013176867869953097,0.1617811386016494
1936-01-31,0.00027607664449895804,0.16246690973254724,0.19325664739923107,0.5075653467297191,0.0005362919644454218,0.1358987275295582
1936-02-29,0.00018844887303448075,1.3412256988313225e-05,0.7209389562597193,6.277624452984832e-06,0.00015744469023489573,0.2786954602955702
1936-03-31,6.528849788925335e-05,0.471361589932338,3.131330067696742e-05,9.325431490215403e-05,7.307645828657007e-05,0.528375477495907
1936-04-30,0.0022856136786586303,1.6890907322936696e-06,0.9946866036425144,1.2609091986625352e-06,0.003018159009578162,6.6736693178731806e-06
1936-05-31,0.00010326561303536509,7.769884327763018e-05,2.622593519777846e-05,2.077907833581406e-05,0.8115452586415207,0.18822677188863277
1936-06-30,8.738795019442939e-05,0.0004320205454118611,0.00022207077453711028,5.8760642801455456e-05,0.9987295746132332,0.00047018547382194264
1936-07-31,7.392510340982009e-05,0.9275354555498633,8.603946475203752e-06,6.693109705281137e-06,6.457866426397276e-05,0.07231074362628254
1936-08-31,2.885046381059556e-05,1.2304481058240671e-05,0.708144910718453,2.1300157995940003e-05,5.210389340022142e-06,0.29178742378934236
1936-09-30,2.6353703988779664e-06,0.03366950400191153,5.041176448139773e-06,0.8992275052781857,1.3296264384058104e-05,0.06708201790867171
1936-10-31,2.4006157765065037e-05,2.899905032147991e-05,0.9999162577585913,1.5080924596836854e-05,7.66047247541093e-06,7.995636249838873e-06
1936-11-30,1.3975261255703172e-05,0.08860004166160641,5.155343818746916e-06,0.6586948518208453,9.135230394379863e-05,0.25259462360853
1936-12-31,2.0134126546651204e-05,0.19460314347855878,0.28561767351278494,0.30786031044491063,0.00015534369038047873,0.2117433947468187
1937-01-31,1.3834227231338136e-05,0.19151993331182804,0.1207688926320451,0.5385048828625322,0.00011550796783262035,0.1490769489985307
1937-02-28,3.9049297197151795e-05,0.4446136866435491,0.3861449848969771,9.347545408118827e-06,2.5025394477690522e-05,0.16916790622239067
1937-03-31,0.0001373626815508188,4.333413749601312e-05,0.3438562240550882,0.28123096445229534,0.2794687192567154,0.09526339541685422
1937-04-30,0.3053410741483545,4.522120810248931e-05,0.00013905121315855977,0.00011705242663492581,0.6939711484235356,0.0003864525802140169
1937-05-31,5.297670727893572e-05,0.0003119925576570011,0.0002183250046044533,0.00020081749150794242,0.9989178939995346,0.0002979942394170381
1937-06-30,9.00696471228909e-05,0.000530907631434685,0.0004027829653728359,0.00010330003556285377,0.9982236711752571,0.0006492685452496789
1937-07-31,0.2672872462817557,7.001479225356411e-05,0.26240906168662026,9.565793461034204e-05,6.841440236616068e-06,0.4701311778645236
1937-08-31,3.625171751740998e-06,0.08644943233663345,1.1465433091698813e-05,9.07644383165043e-06,0.9135146057923426,1.1794822348940733e-05
1937-09-30,0.3814746673301727,6.884380229756616e-05,0.0001371068426149744,0.46053064752840545,0.15739306913334045,0.0003956653631688365
1937-10-31,6.897590798283964e-06,0.16670742737066666,3.419079520413442e-05,0.8331682337808733,2.24029104235866e-05,6.084755203401471e-05
1937-11-30,0.33395370422603815,0.16510838573802938,7.546023481564058e-07,0.41752636531723974,0.015685210882780878,0.06772557923356373
1937-12-31,2.3390826022793607e-05,0.04443486615267658,2.865456728484881e-05,0.1957284049521018,0.007082559488349171,0.7527021240135648
1938-01-31,0.6138001039323182,0.38497807070128437,9.75631973716886e-05,0.00031477519408754003,0.0004420218531153943,0.0003674651218227595
1938-02-28,0.1858342539787594,0.000299746810377117,0.18631593213957412,0.00011765407104978145,0.30907859147121836,0.31835382152902125
1938-03-31,0.002510498605079681,0.33276301612625636,0.0026718182613698314,0.000679991571553402,0.6609375606790481,0.0004371147566926167
1938-04-30,0.18397472703759096,0.00019870926580540707,0.12398526730352863,0.00046135777867034074,0.0004671955628436887,0.6909127430515609
1938-05-31,0.0006532703423141218,0.6707053526682192,0.0007611194006995461,0.0002941380155283481,0.32750207274921106,8.404682402783216e-05
1938-06-30,0.09933832908692924,0.002311727069898369,0.09766585634393966,0.0017463296749853621,0.0008813650726465098,0.7980563927516009
1938-07-31,0.0804266973100681,0.22704909101551182,0.05388245728524492,0.23085698099897464,0.00018846203854025877,0.40759631135166036
1938-08-31,0.0014270793396278742,0.00043808977826282535,0.0013480832376605986,0.00016474499918678554,0.9962028239638279,0.00041917868143405976
1938-09-30,0.0002461868759237873,0.00076830159111562,0.00024234924235639162,0.00030309622988364927,0.9983543820548401,8.568400588057533e-05
1938-10-31,0.13238531311629353,0.6990530549833395,0.06340555290099947,8.229927745211066e-05,0.0002836361201553015,0.10479014360175992
1938-11-30,0.0003629011787015425,0.00028450930804195464,0.0010252297926691583,0.0002089359145069459,0.9975998723853144,0.0005185514207659116
1938-12-31,5.342230506560668e-05,7.182232572023032e-05,0.15344341283775756,0.6705204267909857,0.11675667689099052,0.059154238849480394
1939-01-31,0.38956356318106333,0.6088856442946016,0.00048291749813116487,0.00013152222482837274,6.993855227083836e-05,0.0008664142491050181
1939-02-28,8.487507006027938e-06,5.195635825268398e-06,0.2758399723533298,0.5278796582350388,0.14045991695385063,0.05580676931494932
1939-03-31,0.28882729280915037,0.37765746168228304,0.0007517802235625277,0.00015882118596808993,0.3315610034559481,0.0010436406430879511
1939-04-30,6.742873195164578e-06,0.4213477319714458,0.4177945652542285,2.499482108057193e-05,1.630689838776018e-05,0.16080965818166237
1939-05-31,8.367994382336463e-07,1.5611536978925996e-05,0.824104482609944,1.2036132505593853e-05,4.407529642944212e-06,0.17586262539149045
1939-06-30,0.000940316440765545,0.30476368615576377,0.0007974783338241917,0.00016183804297690316,0.6925407605268095,0.0007959204998601241
1939-07-31,0.4980106931674914,0.0009162023134749526,0.23996972758081112,0.0007170452033467138,0.0004554019276360079,0.25993092980723986
1939-08-31,0.00032431133731243615,0.7637768835182333,0.00044284189618679163,0.0002055764068445875,0.23490023176114846,0.00035015508027449934
1939-09-30,0.04077493260394997,0.8699138333963582,0.03796388642595051,0.00027605435981982744,0.0027093210376627295,0.048361972176258865
1939-10-31,0.00015192902924464154,0.0006656634413754768,0.0010685757378909317,0.0012443595551283008,0.996293039526841,0.0005764327095196536
1939-11-30,0.2343620325598398,0.00027141962995552894,0.00045740370342307434,0.5759587229239304,0.1884025904092965,0.0005478307735547376
1939-12-31,4.035368864425889e-05,2.4138018498113175e-05,2.9958061750243536e-05,0.9247614071744874,0.0751438905951247,2.5246149527057705e-07
1940-01-31,0.6861652520520058,0.3136873542055551,7.528909275626568e-05,2.3837870990994525e-06,6.594224286643633e-06,6.312663829702569e-05
1940-02-29,2.8453666588206037e-06,0.00874739779398447,0.9745985229031895,4.066213875774691e-07,2.517292309356295e-06,0.01664831002247024
1940-03-31,3.797098184314899e-05,8.890762969530234e-06,2.05490273402607e-06,0.8375390423518627,1.4926908381019929e-05,0.16239711409220958
1940-04-30,9.412242431379432e-05,0.42336182660193644,4.4743078754039465e-05,3.7475670013864665e-05,8.356785010630352e-05,0.5763782643748756
1940-05-31,6.018749048719568e-05,0.8824282686358006,0.0001776582102480001,7.227664695159113e-05,0.1170506966119807,0.00021091240453194795
1940-06-30,0.2935091870585332,9.577369670415904e-05,0.4096749037648163,0.00021445502845331837,5.051129045365925e-05,0.2964551691610394
1940-07-31,0.14594128693580435,1.212467666775749e-05,0.5407562078471596,1.861357241711622e-05,0.3132558032115902,1.5963756360909064e-05
1940-08-31,0.004585198886471354,7.076961160114252e-07,0.004848016047038001,0.019912495834731432,0.9706535171517761,6.438386715683205e-08
1940-09-30,0.012665911724920608,0.9085414208613266,0.07879074371427176,1.8887317600762843e-08,1.1523476391613203e-06,7.524645241923563e-07
1940-10-31,0.09071946747923704,0.7570882860286474,0.04561581111614037,5.797147116151408e-05,6.862634576042175e-05,0.1064498375590533
1940-11-30,0.7999378859937205,0.19983611710130586,3.747202201635541e-05,3.872301252171254e-05,4.6395569598976376e-05,0.00010340630083652872
1940-12-31,0.00028849469883646356,0.0003049260293295364,0.00034200785568563077,0.0002044797169582581,0.9987105609186672,0.0001495307805228873
1941-01-31,0.2919704938927783,0.7073734378816366,0.00011002215459941603,1.4626161828495508e-05,0.0002632089727280336,0.000268210936429229
1941-02-28,4.9815303135318975e-06,3.533339515296868e-05,0.7414610654524562,1.8802642880633443e-05,0.25844689523390163,3.292174529511419e-05
1941-03-31,2.5659235522451364e-05,0.5916585883991644,1.5855433833506012e-06,1.164316982910764e-05,9.411274206845274e-06,0.40829311237789384
1941-04-30,5.791715331593782e-05,0.26699853222762193,6.518685579114048e-05,0.30436589428591215,0.4285009269177737,1.154255958512756e-05
1941-05-31,3.691708856403326e-05,5.6335915527487543e-05,0.35936253916343447,2.6384585254330845e-05,0.6405127871604148,5.036086804676919e-06
1941-06-30,0.22360346712903925,1.982038853275724e-05,0.4040547792981434,1.981438628944927e-05,6.074087926014208e-06,0.372296044710069
1941-07-31,7.589603280915725e-05,0.5623082071991591,0.21620171094524265,3.388898415141126e-05,0.00036310591695760453,0.2210171909216803
1941-08-31,4.991735882998618e-05,3.1277000560849854e-05,7.976975648191644e-05,1.854008919285316e-05,0.9997671912542072,5.330454072720721e-05
1941-09-30,0.4496568561727279,1.4351535951484638e-05,2.038379248351168e-05,0.4147104139941392,0.1355841885111636,1.3805993534375431e-05
1941-10-31,7.098383581991698e-05,0.14582179802805184,6.090542083636417e-05,0.42608796100958973,0.42794755964810344,1.0792057598606538e-05
1941-11-30,8.020803333849124e-05,0.5465218371913013,5.3796666655637e-05,0.232428332610818,0.22091346694688382,2.358551002641732e-06
1941-12-31,0.251339440818803,4.294512799766775e-05,3.6332866545850657e-05,0.316543964618119,0.046275838982437846,0.38576147758609675
1942-01-31,0.13579134779387142,0.6647167200077485,0.19813230063351042,0.00036620571565962014,0.0007413734631792487,0.0002520523860307159
1942-02-28,1.3098540227418402e-05,2.269598239509429e-05,0.4640777525001663,0.5357549335127438,3.621568554140921e-05,9.530377892588266e-05
1942-03-31,1.3704372361017238e-05,0.17541013987662768,0.547728407199962,0.2767795928013112,2.836651144045676e-05,3.978923829767208e-05
1942-04-30,0.4506004506164562,4.7364189344117604e-05,0.5492451868245501,8.77622888179464e-06,9.03606794971845e-06,8.918607281806611e-05
1942-05-31,0.008441631721052823,4.7537214157914085e-06,0.8616865738307085,0.05369693987758363,0.010088475843672869,0.06608162500556632
1942-06-30,0.1537326633843713,0.26486184835887877,9.416540633122545e-06,4.97764134559721e-07,0.3810939810549011,0.20030159289708124
1942-07-31,1.1890447772342084e-05,2.9358850607479186e-05,0.1939772893048651,3.3376741303117815e-05,1.045642725384232e-05,0.8059376282281981
1942-08-31,2.9070467412687135e-06,9.915070615645661e-06,0.9999575387499385,7.332340785326047e-06,7.508478135388518e-06,1.479831378365094e-05
1942-09-30,6.766281475430999e-06,1.3967228763469677e-05,0.11740554859471414,0.7209329355284171,1.890791555468375e-05,0.1616218744510753
1942-10-31,0.22269517333164018,1.2052016242787584e-05,0.030182316282189876,0.358031797897843,8.144985888129765e-05,0.38899721061320297
1942-11-30,8.266580323347467e-05,2.2531277501014882e-05,0.0004867153856588901,0.0005298164007888127,0.9988595493708602,1.8721761957551605e-05
1942-12-31,8.65432857718208e-05,0.00010035512043826763,4.977957207088342e-05,8.180103007059911e-05,0.24584493374644734,0.7538365872452011
1943-01-31,0.13075164102406994,0.7622299973753657,0.10655014282507487,5.379995177705333e-05,0.0003446280632305704,6.979076048194538e-05
1943-02-28,0.7477823118364145,1.250535167265525e-05,0.09769891092566185,0.15428810969565795,0.00020758715049658862,1.0575040096500858e-05
1943-03-31,7.1934219416349786e-06,3.3499497003191214e-08,0.0070174399664503125,0.015226634553589007,7.567607613611664e-06,0.9777411309509084
1943-04-30,1.9734774891289736e-05,0.03251901235501323,5.948470460562795e-06,0.7888049389508692,1.5527861274611708e-05,0.17863483758749116
1943-05-31,4.1551905895737306e-05,2.2902865456114647e-06,0.9530520869613047,3.2892324770138432e-06,3.3425725124156107e-05,0.0468673558886528
1943-06-30,0.5304867433615228,1.7215098842848644e-05,2.1379515766010585e-05,4.091285047298836e-05,0.46943331510138725,4.340720082375077e-07
1943-07-31,0.06563852754489785,0.3375157356590836,3.28724069037141e-05,3.3051528210749214e-05,0.5967316007798085,4.821208109576415e-05
1943-08-31,0.00010118516593221116,0.00027933944583662194,8.314182604236973e-05,0.00012787373649173316,0.9994008255376272,7.634288069856318e-06
1943-09-30,0.1868728535783493,0.033278950829651335,0.031049266899486595,0.34725271264049856,0.34801422846596863,0.05353198758604559
1943-10-31,0.34491310435592915,0.1638513061585949,0.4911877473970065,1.7924156705177656e-05,1.1013315002218169e-05,1.8904616762088183e-05
1943-11-30,0.3208638085413565,0.6049049896566883,3.2096733499883444e-05,9.067684787093346e-06,0.07417962084422486,1.0416539443390546e-05
1943-12-31,2.8962073124437893e-05,3.2379706000885957e-05,0.501040667163385,4.7057757302955345e-05,5.7211217421519636e-05,0.498793722082765
1944-01-31,0.14026642137095022,0.2818353867090522,0.5777907652950921,1.8857421975925335e-05,6.159004540633136e-05,2.6979157523058556e-05
1944-02-29,0.34898714409149095,5.103918188415661e-06,0.6509294861816244,6.080341859277586e-06,3.714273779629033e-05,3.504272904064379e-05
1944-03-31,2.359403392973792e-05,0.14189455446409618,0.8580184367319673,1.3874571316961887e-05,2.6587222138431993e-05,2.2952976551190864e-05
1944-04-30,1.2285569717570185e-05,0.8113298080819684,2.8924139708140194e-05,1.0023655452746143e-05,0.18861454634419453,4.412208958488705e-06
1944-05-31,1.86371214368263e-05,4.0891279165089546e-06,0.1976645114409145,8.68539309839523e-06,8.843048297495204e-06,0.8022952338683363
1944-06-30,0.004378140091922555,0.012634223331673012,0.001808896148531188,0.9811739004201598,4.721861567934257e-06,1.181461453641189e-07
1944-07-31,0.1351410085921794,0.864797874300837,2.0877138414298744e-05,3.0675212113351094e-05,8.095600378317157e-06,1.4691560778822853e-06
1944-08-31,5.3039248029954775e-05,0.24297889642471693,3.2725681855629754e-05,2.4044696922619334e-05,2.142515594993732e-05,0.756889868792525
1944-09-30,0.15031267578781285,2.740664772013187e-06,0.19348129065223296,0.6561800348040402,1.946749227713948e-06,2.1311341914416664e-05
1944-10-31,0.019956707590384495,0.07418020450793011,6.58893021079195e-07,1.1452864363057634e-06,0.905858571140346,2.7125818821111153e-06
1944-11-30,0.8846283391470257,1.1167417779414948e-07,0.11534480801616681,1.7365532921997911e-06,7.663945432024307e-06,1.7340663905511177e-05
1944-12-31,5.072844665774254e-06,0.6089793647725983,0.03068650740972221,0.3603137253049839,1.0071377599804772e-05,5.258290429957348e-06
1945-01-31,0.07493880735347759,0.4177961988513817,0.22756755532735534,3.805533816755836e-05,3.5864427589790954e-05,0.2796235187020281
1945-02-28,3.920113574476377e-05,0.858745541844807,0.14115187103899068,9.031842860477961e-06,4.919382090598087e-05,5.1603166910966465e-06
1945-03-31,0.48175279354926115,3.0097154837714834e-05,9.042333083244258e-05,0.00018355540586446263,0.5177548985757585,0.00018823198344587508
1945-04-30,2.655085055741939e-05,2.3454216386639072e-05,0.11838942798813448,9.675712551417377e-06,0.837471727223453,0.04407916400891707
1945-05-31,0.06827042870682073,0.26928393799840383,0.5484162232759364,4.5937099737750625e-06,1.0272592275250179e-05,0.11401454371659012
1945-06-30,6.176519596571971e-06,0.01590873364627726,0.8518618393400457,0.10046338504788647,7.67959962033853e-06,0.03175218584657386
1945-07-31,0.20433172767068555,0.7954962936603066,5.3882038436764287e-05,8.344633953286745e-05,6.625346879395194e-06,2.8024944158898716e-05
1945-08-31,0.13396315972126036,9.487873373482543e-05,0.1775131254992995,1.3641278983965133e-05,0.5943282351893427,0.09408695957737868
1945-09-30,3.315432103203911e-05,0.9998570603228729,4.342315391838363e-06,2.4245170206127468e-05,7.831138748074355e-05,2.886483016206109e-06
1945-10-31,0.2442772281864165,0.2780812727751548,1.524088400779357e-05,0.47750896914766094,7.273815584669814e-05,4.455085091337616e-05
1945-11-30,5.728363674933023e-06,0.02341483216871914,0.06970540540513989,1.0879268437541696e-06,1.3261388907823074e-05,0.9068596847467144
1945-12-31,2.0835260022011738e-05,0.5475138495881974,1.0726249623291237e-05,2.767498067700153e-05,1.4956665695293608e-05,0.45241195725578515
1946-01-31,6.0609865972807536e-05,0.6371015995223462,9.630062350439995e-07,4.346948524711593e-05,9.571367222805574e-05,0.3626976444479707
1946-02-28,0.24103497061091925,0.7588899069895354,2.2619618788949664e-05,2.440268441177703e-05,2.456507704724956e-06,2.564358863999963e-05
1946-03-31,1.9872853950149705e-07,0.9947029078830752,3.153210173283433e-07,0.0018909217183695171,0.003405486872419471,1.6947657902848562e-07
1946-04-30,2.5148590388125412e-05,0.04657267573448596,1.6888546631815376e-05,0.027102498200209855,1.514839013206231e-05,0.9262676405381521
1946-05-31,0.19658094974630927,0.5798184802440034,0.06929257709369341,7.157236530201939e-06,8.055089710068933e-06,0.15429278058975354
1946-06-30,0.028168280949903528,0.7843619360047576,0.09451831339494846,4.434212236892749e-06,0.09294254204616222,4.4933919912961815e-06
1946-07-31,2.9880341444610695e-06,0.8065863522964271,2.2262235523745487e-05,3.88267853408661e-06,0.19336291188921154,2.1602866159131653e-05
1946-08-31,0.7380264779682604,0.07502566767172993,9.214592727309141e-06,0.15184918605438835,0.035082027373650515,7.4263392436055105e-06
1946-09-30,0.00010053046142235792,1.5617380472874336e-05,0.0001402687569410642,0.8229009395601675,0.17675949441149988,8.314942949618149e-05
1946-10-31,1.6748557661134104e-05,0.6139567208059122,1.2211446136586877e-05,4.472429254703721e-06,0.3860007958364849,9.050924550511609e-06
1946-11-30,4.524389946866888e-05,0.14502625020083004,4.8756036485171755e-05,2.4583430640556104e-05,9.161770177176608e-06,0.8548460046623984
1946-12-31,1.937574362847782e-06,3.527107634514779e-06,0.09417905930214744,0.8153376087388922,0.04984301108457437,0.040634856192388616
1947-01-31,0.003402047922032361,8.105655337189025e-08,0.004706346712568441,2.5010057428873042e-08,4.744125410639956e-06,0.9918867551733777
1947-02-28,0.11135021249278323,0.13702658137758095,0.7516033865677315,1.5825139668437642e-06,1.2108349140661023e-05,6.128698796839882e-06
1947-03-31,1.1542036907767999e-05,0.0743708885823093,1.219845245745247e-05,3.3855920133039154e-06,0.04855997983046366,0.8770420055058485
1947-04-30,5.1630857659200026e-05,0.6767966965813699,5.971199161710619e-05,0.21104540913754705,0.11204250553908499,4.0458927215631726e-06
1947-05-31,0.0006464629529565021,0.00016380860169162314,0.0006518939281369246,2.9804188136399724e-05,0.9985021488322107,5.8814968677459905e-06
1947-06-30,0.36526456568494203,6.248606474056732e-06,0.22885178621390914,1.9775220600127933e-06,0.168009488785068,0.23786593318754684
1947-07-31,0.055445107993535206,1.6758791135585937e-07,0.040609317071799815,1.1541817197004849e-05,2.4657759800603403e-05,0.9039092077697559
1947-08-31,7.408199241841346e-05,0.9998165022267312,5.1561519835425956e-05,2.493651368188228e-05,1.0445771290890538e-05,2.2471976042355166e-05
1947-09-30,4.770407169845369e-05,2.693478111764135e-05,0.9998397419091638,6.424277613793676e-05,1.3075411231944086e-05,8.301050650255287e-06
1947-10-31,6.853063425469305e-06,0.14809963120024927,3.6415313376224454e-06,1.1652437318399392e-05,1.1220079799893037e-05,0.8518670016878693
1947-11-30,4.636853187986164e-05,0.7864028157244218,4.964216479420755e-05,3.6820081832513102e-06,0.213483322916688,1.4168654032700698e-05
1947-12-31,4.683447963579552e-05,2.113720984506344e-05,2.029093925798544e-05,0.6603300406180307,0.05683355778099396,0.2827481389722365
1948-01-31,0.12675300958541136,0.609052831491589,0.26392033205162363,8.162471070129908e-05,0.00015675037281254146,3.545178786218873e-05
1948-02-29,0.00013457639678503774,3.531297732589447e-05,0.0002728164379326443,3.699888531775263e-05,0.9994930772913215,2.7218011317314503e-05
1948-03-31,3.631409452363246e-05,0.00014350425566250506,0.1883294906826278,0.00010251906963030472,0.8113864851746609,1.6867228948800148e-06
1948-04-30,5.271347189971975e-05,0.12028611544711139,3.360443067393484e-05,7.999090310774134e-06,0.2734176214241532,0.606201946135851
1948-05-31,2.6464450645320887e-05,0.00013096019237864015,0.9993386345083749,0.00012491520863848788,0.00023891473518350274,0.0001401109047790802
1948-06-30,7.493273523694844e-06,0.20629693661201062,6.082252223022447e-06,0.7550096701115758,0.038679184294776375,6.334558904015565e-07
1948-07-31,0.4445245519717435,0.5551238015794223,9.794511135633061e-05,0.0001382056685060497,3.171173720680843e-05,8.378393176499054e-05
1948-08-31,1.9234636684775205e-07,3.77716187922974e-06,0.9673664086291264,8.628341834947e-07,0.03262604584311829,2.7131853257429967e-06
1948-09-30,8.685522081380822e-07,1.5224238656351678e-05,6.654322413325634e-05,3.955810688605378e-06,0.9998952951528194,1.8113021494099446e-05
1948-10-31,6.892783213020837e-06,7.809131463342981e-06,0.8227656283269225,1.1768171128092242e-05,0.09375002488994635,0.08345787669732675
1948-11-30,7.904070032048348e-06,0.4393591295039025,2.7812065353151253e-05,6.718248922457329e-06,0.5605886943715218,9.74174026804026e-06
1948-12-31,0.00013770439351825208,0.00020885933197250416,0.00010055629980245447,7.315028333643335e-05,0.2876066292963507,0.7118731003950196
1949-01-31,0.0010499754910083161,0.00518196456641413,3.302347699516779e-08,2.4530402866686836e-07,3.075310714861978e-07,0.9937674740840003
1949-02-28,1.9233956821843867e-05,1.6863556890570602e-05,3.1684983312055766e-05,0.5882770441012649,0.16098598547361948,0.2506691879280912
1949-03-31,0.1596118236232815,7.669001505662164e-06,0.12478129662704748,2.9347855285788514e-05,4.801786061119171e-05,0.7155218450322683
1949-04-30,8.918091892412135e-05,0.3477502245387594,9.415306267555918e-05,6.811889449898584e-06,0.33771664937626217,0.314342980213929
1949-05-31,0.0001246054016745433,9.576102601283141e-06,0.0001913654716905542,1.2847191140870199e-05,0.25061085976313313,0.7490507460697595
1949-06-30,0.24406535213851963,4.4104780100363166e-06,1.1891435582754198e-06,0.06998323277698171,0.029749905635652298,0.656195909827278
1949-07-31,0.14040862354780834,0.7232662671022186,0.1362601904232177,3.3262527596613636e-05,1.4132609608438735e-05,1.7523789550260944e-05
1949-08-31,0.7629358940911782,0.2370324623813807,7.899840940972958e-06,9.714168048572049e-06,9.084155780245482e-06,4.945362671093228e-06
1949-09-30,0.7599334268027025,1.9201403111638218e-05,0.23999400986833616,3.93560667184444e-06,4.8306791827551784e-05,1.1195273503530661e-06
1949-10-31,1.8425845913668591e-06,0.159660755752747,0.8403306999798198,9.505460035102214e-07,4.49740637527571e-06,1.25373046321934e-06
1949-11-30,0.00025382599828144986,5.801455250333021e-05,0.0002256065635101355,5.572166761419181e-05,0.9993558420921087,5.098912598217538e-05
1949-12-31,0.25593870839099525,0.2640191046153612,0.052035855132167776,1.0158450044923195e-05,1.9077472449971245e-05,0.4279770959389808
1950-01-31,0.02618496079249109,0.04726560995243225,0.017010472543798682,0.90952402133137,1.1784015395106139e-05,3.1513645126302544e-06
1950-02-28,9.757509603616211e-05,5.8832559309163525e-06,7.844615360492835e-05,3.1149094009872345e-05,1.2117199136355305e-05,0.9997748292012817
1950-03-31,9.870470240360592e-06,0.44247104539111765,1.7373618332345078e-05,8.511229053249467e-07,0.21855596754395556,0.33894489185344884
1950-04-30,8.088022768992012e-06,0.13668027989068246,0.019558194576787535,0.8437435600336555,7.0399928829696864e-06,2.8374832225574996e-06
1950-05-31,1.5115448234553448e-05,0.00021541713744662702,4.293754330138779e-05,9.678191519826593e-05,0.9994896064940094,0.00014014146180982607
1950-06-30,0.030597134925566077,0.8940805352679478,1.6022318450396957e-06,4.929325491540123e-06,0.0753070336033042,8.764645845250253e-06
1950-07-31,7.630433124084601e-05,0.45916693545833115,0.18263028568211884,0.35743557645808866,0.00030135220737067175,0.00038954586284975967
1950-08-31,2.4576127121869885e-05,0.9998301124553574,5.308475151152914e-05,6.618196520876713e-05,1.7022274483248875e-05,9.02242631715729e-06
1950-09-30,0.02173917186301259,3.956937395460521e-06,0.03164463921053186,0.6135855125703144,0.333024854791859,1.8646268868720005e-06
1950-10-31,2.0637274369629188e-05,0.9999091210474954,2.4415906864577298e-05,3.7288706180965544e-05,6.479243090535673e-06,2.05782199891907e-06
1950-11-30,0.0003051069608994559,0.21912657708474462,0.3450695101988219,4.439958754293924e-05,0.4354267108559214,2.769531206967301e-05
1950-12-31,0.00010870410110720374,0.6940125446225858,0.17876247803451525,0.12703162272483953,4.674423938578495e-05,3.79062775663911e-05
1951-01-31,0.10603535702814774,0.893945993306768,4.040056659050817e-06,4.332875523390289e-06,3.86628079875265e-06,6.4104521030583846e-06
1951-02-28,0.998657105920914,0.0004667482361210267,1.1453842435983893e-05,0.00040436505371921924,0.00018834069014377652,0.0002719862566661088
1951-03-31,0.11460535181653968,0.37853773028134513,6.666074556499869e-06,2.9568321571974783e-05,0.5068194425499818,1.2409560047014855e-06
1951-04-30,0.0002277236232129566,3.806920149856961e-05,0.6606038240331638,2.092799140102096e-05,0.3389940886995046,0.00011536645121909428
1951-05-31,0.13235596452995416,0.17909190603461989,9.12565322027789e-07,1.1745394336727006e-05,0.25343941937417724,0.43510005210158986
1951-06-30,0.014376548717794268,1.0766872877506583e-06,3.778571545688157e-07,0.07538357186124844,0.9068227221476355,0.0034157027288794946
1951-07-31,5.274586777042846e-05,9.195702790314045e-06,0.19839524966159053,1.1225484935297129e-05,0.801528476989037,3.1062938764756264e-06
1951-08-31,0.20108637646470845,0.5089373297853006,0.28991655645819414,1.8158076794777234e-05,1.5102437274866542e-06,4.006897127447105e-05
1951-09-30,1.8524816800688644e-05,0.4668089349845097,0.5331147291862431,3.74620055364886e-05,2.3330209017597723e-06,1.8015986008261658e-05
1951-10-31,0.16518003613422466,0.4051151099654576,0.42966063414563893,9.33299370653994e-06,1.7151975367958213e-05,1.773478560440581e-05
1951-11-30,2.2455935023600547e-06,0.41660043187007945,0.15444730654922548,1.695957762572216e-05,0.4289324680906299,5.883189371932434e-07
1951-12-31,4.6699260891687846e-05,0.00012553747189009054,1.043238235869837e-05,6.3421058452424155e-06,0.46168079046615446,0.5381301983128598
1952-01-31,8.785113295028593e-06,0.26623124457755687,2.177763160914698e-07,1.0758824322513316e-05,0.20323007647066982,0.5305189172378396
1952-02-29,0.9999207674466779,1.755066748655602e-05,2.371774277968733e-05,4.601439621890854e-06,6.598551558045654e-07,3.270284827828202e-05
1952-03-31,0.0002295306072960588,0.00017200658821100328,4.2783540093853464e-05,6.717285010750643e-05,0.9993159437851843,0.00017256262910735884
1952-04-30,2.2539160049260113e-06,0.6389407818566903,1.2988224792810585e-05,1.3609225503469665e-05,7.875068771506034e-06,0.36102249170823697
1952-05-31,1.2702452406495824e-05,2.7107574930614205e-05,1.78148938958468e-05,3.746734624023531e-05,6.581642944785789e-06,0.999898326089582
1952-06-30,0.9656734705161365,4.140617630148302e-06,9.685090790520317e-07,9.266545623318277e-08,0.03431880528134886,2.5224103491453317e-06
1952-07-31,2.581833201634707e-07,1.4553686438954933e-06,0.9557020448847244,1.8283688776161957e-06,0.04429139783889612,3.015355537816169e-06
1952-08-31,4.72302985795632e-07,0.14224346930534998,0.8577327433433458,4.3926367110174285e-06,1.3934089613378725e-05,4.98832199405615e-06
1952-09-30,2.2366072043167468e-05,5.7144140219697306e-06,1.6649510597386575e-05,0.45424207213624673,1.744448366032444e-05,0.5456957533834303
1952-10-31,4.6903944923246814e-05,3.9626478191790195e-06,9.229824244551102e-06,2.5076370550846455e-06,0.9999248700685371,1.2525877420715861e-05
1952-11-30,3.616733603772883e-05,5.918846814961013e-05,1.209647894973299e-05,5.01656176677018e-05,0.9997895019444859,5.2880154709425746e-05
1952-12-31,0.30516580859853015,0.40870797145436744,0.20974890337181393,3.2795927524507247e-06,0.07637371157491724,3.2540761849397753e-07
1953-01-31,2.6455878960008223e-06,0.01698874327419723,0.9829950532408491,9.09460907460611e-07,7.982406376902295e-06,4.66602977331286e-06
1953-02-28,7.753318674475824e-06,0.13194800129698858,0.6049978309482164,0.26303211373090485,1.3851586299128792e-05,4.4911891656687227e-07
1953-03-31,0.12918406349540315,0.15656960694547692,0.5810137865890553,1.5991777742877716e-05,6.293057656742805e-07,0.13321592188655595
1953-04-30,9.875852265370792e-05,0.9997947424258975,4.706470442446227e-06,5.506054415127813e-05,3.166541335190932e-05,1.5066623503279291e-05
1953-05-31,1.551122091468227e-07,1.453613771727958e-07,2.028317104023545e-07,0.8567689917607939,0.005203792993879976,0.1380267119400295
1953-06-30,1.9972508223939385e-07,0.9452364528491707,1.2700127734280317e-07,2.9834036524684023e-07,0.015131687586361199,0.0396312344977432
1953-07-31,3.913233173265434e-06,6.5018409167906594e-06,3.1653814877453455e-06,1.1237109996752506e-05,0.33770820182747346,0.6622669806069519
1953-08-31,4.3781597873983485e-07,5.832578505899975e-07,2.306717648507465e-06,0.8539271497154461,0.1324602805092081,0.013609241983867856
1953-09-30,6.362333238713133e-05,7.362889773921911e-05,6.113585120586834e-05,1.443833142847649e-06,0.4290784584991089,0.5707217095864159
1953-10-31,0.8340087615576997,2.4581683181677446e-05,7.2168031815677015e-06,9.367543435045533e-06,0.1659308676098758,1.9204802626240787e-05
1953-11-30,2.1814279188343307e-05,1.453150477260797e-05,1.208091250006835e-05,0.51903575530252,0.24134516270154563,0.23957065529947347
1953-12-31,1.2259886350643118e-05,3.128954262958652e-06,5.192173173187196e-06,0.9414235745011393,0.029947666510811884,0.028608177974261975
1954-01-31,0.12265727011208787,0.6551301711348205,0.22200380473004666,5.545621386860349e-05,5.256107310292615e-05,0.00010073673607328341
1954-02-28,2.1711837789006377e-06,7.878515208089134e-07,9.63455367872533e-07,9.551996219530158e-07,0.034030490925934506,0.965964631383776
1954-03-31,1.3436346725097069e-05,1.1453469011385319e-05,9.511976974732755e-06,0.31816081506351956,0.2054150501753821,0.4763897329683871
1954-04-30,0.000273433317775395,0.00010976046198284578,2.7839377754159315e-05,2.2295805694911686e-05,0.35541440619539755,0.6441522648413952
1954-05-31,0.13257951921499422,0.5034066231826376,0.3639544471826907,1.6018543275225606e-05,1.5602889630455953e-05,2.778898677167284e-05
1954-06-30,6.022972683962314e-05,2.7318695314286513e-05,3.721308368914018e-05,2.6734517891920912e-05,5.203531380328932e-06,0.9998433004448847
1954-07-31,6.086434928577972e-06,0.9999303254270056,2.9127388602917927e-06,3.201243903209439e-07,2.9563244925232336e-05,3.079202989001163e-05
1954-08-31,0.36374581021479085,0.6360959836990389,5.633609322444798e-06,4.8632351026440335e-05,6.343407401890421e-05,4.050605180263511e-05
1954-09-30,1.4501651022438948e-05,1.181037301428868e-05,0.7360769555401256,7.490341419194371e-06,0.26388566918641865,3.572907999782389e-06
1954-10-31,6.35714852496121e-05,6.448556888878112e-05,6.685776923237364e-05,0.9997724808996009,8.092837945636587e-06,2.451143908277878e-05
1954-11-30,2.9068555908006593e-06,2.1114444040367802e-06,9.645295581242831e-07,0.023200521817753856,0.047348747265902935,0.9294447480867902
1954-12-31,0.5039816858122025,0.30954746583266046,0.18618641482218795,1.1051181447819497e-05,0.00010712816426227945,0.0001662541872391208
1955-01-31,6.547644302956106e-07,0.9999973293504597,1.8936147497148072e-07,4.2947574149224125e-07,5.05270122973068e-07,8.917777705107336e-07
1955-02-28,2.650956855447676e-05,9.942819305593862e-06,2.2403830310263136e-06,1.3201215683032896e-05,2.4936139331574808e-05,0.9999231698740942
1955-03-31,0.0001199935921472558,8.333766281020386e-05,2.1084848233572286e-05,8.612895859581528e-06,3.699404869150511e-05,0.999729976952258
1955-04-30,0.3795681644416708,9.13056837532596e-06,4.444431523176509e-06,2.9207983784743126e-05,0.3915450656995736,0.22884398687507237
1955-05-31,1.3641600871163542e-05,3.2189644103860633e-05,3.829516679528699e-06,1.937880727850898e-06,0.6581506892235575,0.3417977121340602
1955-06-30,2.1194323410231135e-05,0.4392847432283324,0.12225770868377903,5.173309469157087e-06,0.07706151019477243,0.36136967026023675
1955-07-31,0.3689522736134317,0.32816214236974794,0.3027626448737586,5.5479262839926204e-05,2.1102140391865107e-05,4.635773983001175e-05
1955-08-31,0.0942738221023171,0.34918878389588615,0.2900642879534212,0.1520382336870692,0.05366922457156562,0.06076564778974072
1955-09-30,1.0900486670204798e-06,9.325250435062252e-08,0.9999979360866976,6.66259783821419e-07,8.33984197303222e-08,1.3095392728968296e-07
1955-10-31,0.9998836713972283,2.684160639621428e-06,2.483416128008577e-05,1.869075082180168e-05,4.571526424395841e-05,2.440426578641135e-05
1955-11-30,1.425166319652255e-05,6.692990986680192e-05,3.5286023363938125e-05,5.499017472627968e-05,0.5324571220665366,0.4673714201623099
1955-12-31,0.48038512674413403,1.820877478620185e-05,2.641871272146031e-05,4.747640714118235e-06,2.245408551028247e-05,0.5195430440421339
1956-01-31,0.34606522418113295,0.3228858134754764,0.33092802483620315,4.587516682251682e-05,1.615428259294594e-05,5.890805777185168e-05
1956-02-29,7.000145560467878e-06,8.596594604155206e-06,7.3294106583703245e-06,6.105009769626627e-06,0.9693574617539615,0.0306135070854458
1956-03-31,9.400970350372992e-05,1.6302802540875038e-05,5.120256011205557e-06,0.8320193102176542,0.07883080770828964,0.08903444931200034
1956-04-30,3.389563788961909e-05,1.2823826404193625e-05,1.5278639034487116e-05,3.4289007826795394e-06,0.9000276156159039,0.09990695737998498
1956-05-31,0.16870435504697343,0.8311894427959353,1.2592690002958823e-05,3.762476781168718e-05,5.277503761345753e-05,3.2096616630802927e-06
1956-06-30,2.5693968325280077e-05,1.7352016763188117e-05,1.3238125653021643e-05,0.8794672169319563,0.07009340759311615,0.05038309136418603
1956-07-31,3.399209690295331e-05,3.0805977129617766e-05,1.6213033073663337e-05,0.22593228451056102,0.21521484806667793,0.5587718563156547
1956-08-31,0.9992104802084641,2.4529484611105366e-05,0.00018790324039458359,8.971216470542749e-05,0.000256753752927192,0.0002306211488977997
1956-09-30,0.12382883056215067,0.3314819372411433,3.231441454053797e-06,0.544583353713535,4.5672036617743945e-05,5.6975005099427935e-05
1956-10-31,0.3686630385867563,0.20395369659257306,0.26094515109852917,0.10815353902174132,0.03366721920244963,0.024617355497950518
1956-11-30,1.6062428006635684e-05,0.09564136622940923,0.5482164686569237,0.3561248770704863,2.5077571398412723e-07,9.748394598881361e-07
1956-12-31,0.00012151778306149691,5.861399587634035e-05,4.093693639601995e-05,2.7854608674289425e-05,0.4604407798279776,0.5393102968480141
1957-01-31,0.3373278781722484,0.2537370631865123,0.40846640169801113,8.249299257776951e-05,0.00021826209585682304,0.00016790185479347765
1957-02-28,0.07895304076966053,7.324548909113054e-07,6.236561354391355e-07,0.852643225478622,4.289256150227152e-07,0.06840194871507599
1957-03-31,2.0015568776004076e-05,2.3717991808141675e-06,3.0330460952160037e-05,1.3710035404772182e-05,7.174704869831586e-06,0.9999263974308163
1957-04-30,5.937310795732914e-06,0.38255524834045074,0.42089180578267177,0.09969946508110634,0.035251410316782195,0.06159613316819302
1957-05-31,6.119838267905484e-06,4.250952066585327e-06,0.540460612247436,0.3045324788736603,0.07732938284305517,0.07766715524551394
1957-06-30,0.3509264895444456,1.4598655107945967e-05,1.3792748877312304e-05,0.3382945180664915,0.2378284660947065,0.07292213489037096
1957-07-31,1.5232514710651677e-06,0.9999909327452268,3.683379892179484e-06,2.5722790672121143e-06,2.601578755767322e-07,1.0281864671724827e-06
1957-08-31,0.5601705774452685,0.43969511231818464,1.2793053586048751e-05,1.3135798986927288e-05,4.518970874761524e-05,6.319167522631908e-05
1957-09-30,1.8997213439403533e-05,2.0068171458306473e-06,2.5138561924317968e-05,0.999928307900651,7.373854782402602e-06,1.8175652057097317e-05
1957-10-31,2.812113181827218e-05,6.977191314917859e-06,1.0390153232463523e-05,0.1360881338745533,0.0827421026259473,0.7811242750231338
1957-11-30,0.00012560413201690552,4.538349601639773e-05,7.185303095201487e-05,2.091037593907858e-05,0.5673577854112788,0.43237846355379667
1957-12-31,0.00025588971243987665,3.226975825865853e-05,8.026151773043827e-05,4.124971265799553e-06,0.777690200973349,0.22193725306695633
1958-01-31,0.21516648494244034,0.42177489355329534,0.3619519537740705,1.6753090726573796e-05,0.0005340090886050677,0.0005559055508620936
1958-02-28,0.00014177418113333633,9.909653644551399e-06,4.607275845672915e-05,2.8130531653820964e-05,1.3456045459922874e-06,0.9997727672705656
1958-03-31,0.48849037710211274,7.42352253442085e-06,1.9470966578511835e-05,5.123273476022236e-06,0.5114688086879957,8.796447302538022e-06
1958-04-30,0.3155985064829025,0.11667729871796836,0.24789313670823596,0.17632875803309161,0.07180174327548128,0.07170055678232033
1958-05-31,0.2432858673471559,0.40531059081480375,0.35129525047464577,3.2772765792926715e-05,4.9207872382730574e-05,2.6310725218972325e-05
1958-06-30,0.9998851143197408,9.414502809909097e-06,1.0266762809451304e-05,4.768289799873339e-05,2.130688068668457e-05,2.6214635954435208e-05
1958-07-31,0.2126837023858255,4.864421361491319e-06,0.787119387460559,4.678186704182823e-05,9.829503907887244e-05,4.6968826133101146e-05
1958-08-31,0.9005151797584043,0.09947422594517003,2.9230975361947655e-06,9.543557474811387e-07,4.346694375255314e-06,2.370148766530311e-06
1958-09-30,7.572843862222724e-06,9.890756932208899e-07,0.5433166725832453,0.45666432801547924,1.1553531819835496e-07,1.0321946401549441e-05
1958-10-31,6.71312294286704e-05,0.6188124335661023,0.3810751632973911,2.8338586822977816e-06,3.823043312859013e-05,4.207615267019968e-06
1958-11-30,1.8323945477438092e-05,2.3167747793040503e-05,4.1757343726820844e-05,0.5497991656034054,1.9566400917010282e-05,0.45009801895868023
1958-12-31,0.1340758988746331,3.639925895371107e-07,0.739681227269286,4.4895012798831784e-06,0.050306361774356184,0.07593165858785529
1959-01-31,0.3411850224254073,0.23570212159535894,0.42290172955850264,5.144412206150823e-05,6.19759759228507e-05,9.770632274669381e-05
1959-02-28,1.2613868631236635e-05,0.9205419673138545,2.6716274325186586e-06,4.639967403294323e-06,4.114733172818449e-06,0.07943399248950561
1959-03-31,0.09705084001972486,0.11896747902595786,0.14475686001004587,0.12010010757926282,0.3719115462620925,0.14721316710291604
1959-04-30,0.00011352443704670984,7.27078004587516e-05,8.991818236269973e-05,0.48501277272159465,0.32333696837820086,0.19137410848033645
1959-05-31,2.2480973005644544e-06,0.30540138916620413,0.4531722322167162,1.2032394437230362e-06,0.24142027701511073,2.650265224732018e-06
1959-06-30,2.7843504476033668e-05,7.477396526060405e-07,3.2665182538459886e-06,0.647367885030902,0.2653797229626535,0.08722053424406188
1959-07-31,0.8419320375436689,1.3941701050707116e-06,3.3935647918954797e-06,9.393326276006883e-07,0.1580572258616345,5.009527172119284e-06
1959-08-31,0.16095450317272184,1.5798453295904935e-06,0.8390355166394801,1.7424621569745667e-06,2.416690922100857e-06,4.24118938929607e-06
1959-09-30,0.1116079074963368,0.1495068204248589,0.18980281566287469,0.0063370684922204115,0.2939275955511425,0.24881779237256665
1959-10-31,2.3819961511105707e-05,9.017659959405296e-06,2.446072464667537e-05,6.0950125940378385e-06,0.9274966155773875,0.07243999106390134
1959-11-30,3.32385976590138e-05,3.7674192951298045e-05,6.7620386234284e-05,0.6382798795448734,1.1951406240772128e-05,0.3615696358720412
1959-12-31,0.5881661171749742,0.10511232667408277,0.09549646551970888,1.0309721319517194e-05,0.08706396411494434,0.12415081679497016
1960-01-31,0.9982806703154598,6.684778244365897e-05,0.00018201139638615073,0.0003642275919728692,0.0005315369889346144,0.0005747059248027867
1960-02-29,9.689334720328358e-05,5.706685518000796e-05,0.00011021091542718965,1.300619529933963e-05,0.7058352608931566,0.29388756179373365
1960-03-31,2.1023706456787263e-05,8.607638177954672e-05,6.118233970832275e-05,1.453746283265129e-05,0.6324109880280468,0.36740619208117586
1960-04-30,4.471216639916451e-05,3.6325406832239475e-05,4.095068072825151e-05,1.2417184323638673e-05,0.3450295447203752,0.6548360498413415
1960-05-31,0.0001976416635965183,0.00012125410675364783,0.00021477307840916826,0.5457482588434773,0.29889341430393934,0.1548246580038241
1960-06-30,8.693252453536813e-05,1.2351495646853151e-05,3.942017411528871e-05,5.355273634020216e-05,0.9997439724522743,6.377061708798201e-05
1960-07-31,0.29173434127316084,0.321441879468739,0.3866964439938469,1.3936071352397932e-05,3.4208496017415125e-05,7.919069688342746e-05
1960-08-31,9.350528057024638e-06,0.07780990046806267,0.9221704664570204,3.0648764854799257e-06,3.2524916755471322e-06,3.965178698869799e-06
1960-09-30,8.126002338712484e-06,0.5200654892983619,0.2416167036104762,0.2382907777237528,2.50423224920202e-06,1.6399132821227537e-05
1960-10-31,3.661033117961596e-05,4.480320111928088e-06,6.310766693483899e-06,5.658829544122717e-06,0.10979454941369952,0.8901523903387714
1960-11-30,0.00013535615563630698,7.20831184900354e-05,0.00010315040219226322,5.2278288101953024e-05,0.5750317531417792,0.4246053788938003
1960-12-31,1.8920879927808324e-06,0.512098958999605,0.10003082856880181,1.1636879846298703e-05,0.1159273361055188,0.27192934735823526
1961-01-31,0.2641685280469897,0.2752111093843528,0.460312309846682,6.810454594771039e-06,0.0001198255573504474,0.00018141671003027305
1961-02-28,1.0146155070252814e-06,0.1864066115817759,0.20245881823989811,4.5836079180014024e-06,2.1647741875841014e-05,0.611107324213025
1961-03-31,1.1393533109550651e-05,0.10997960957774795,1.1594865440615708e-05,0.8899727252175197,2.3154816570994804e-05,1.5219896112791705e-06
1961-04-30,6.955714422190441e-05,0.4404273168735043,0.559436900018157,3.173480018350439e-05,2.2197873419542814e-05,1.2293290513738795e-05
1961-05-31,0.027351957173468746,0.9050110837050664,0.0676170940256341,6.937445736861843e-06,6.891536313640863e-06,6.03611378029919e-06
1961-06-30,1.0396220283694055e-05,7.329977534733038e-05,0.00011051267992009448,6.954995063706197e-05,0.9997155759574101,2.0665416401595126e-05
1961-07-31,0.5476246195204687,8.057282290225554e-06,1.0394280754709922e-05,1.2161731530538913e-05,0.4523334623396718,1.1304845284140165e-05
1961-08-31,7.680004776649921e-05,9.210498153674055e-05,0.0001183494243388472,2.5599742526234567e-06,0.4680765391069945,0.5316336464651108
1961-09-30,2.876653599722512e-06,4.3410557290146025e-06,4.713112549179114e-06,0.11472194908752753,3.764643766015733e-07,0.8852657436262179
1961-10-31,9.170087537337075e-06,5.846951207332177e-06,1.525483736372318e-05,0.9233492069417912,0.07661893549698755,1.5856851129605749e-06
1961-11-30,1.3120508473054353e-05,7.301105361244158e-06,1.8077644467188274e-05,0.47360663446710455,7.308492736536566e-06,0.5263475577818574
1961-12-31,0.2314124974186047,0.416182548928623,0.3520976583350274,4.5719716537665845e-05,5.5234702605474615e-05,0.00020634089860173735
1962-01-31,0.22698281285598,0.146180002011352,0.14714790398602093,0.4794121075893332,0.00012610701739241686,0.00015106653992140657
1962-02-28,6.4196358111088614e-06,1.6563959709579669e-06,0.9999799264767811,6.9561750456516246e-06,1.3980050484659432e-06,3.643311342651449e-06
1962-03-31,1.4168608104434338e-05,6.424947376554505e-07,7.57642667591637e-06,3.4870725990620132e-06,1.5857516511262604e-06,0.9999725396462318
1962-04-30,0.33236005826541004,0.10107310324940834,0.05133705947244221,0.10713094730881391,0.04377611707713368,0.3643227146267917
1962-05-31,0.4831266631805474,0.21621574584911304,0.30044113275809353,4.483407351483167e-05,2.636557445972277e-05,0.0001452585642714949
1962-06-30,2.972675054413775e-05,0.9359475382957683,0.06400188378356396,5.0279346782750625e-06,1.51333128179892e-06,1.4309904163421935e-05
1962-07-31,0.27940446327998386,2.7206522158518263e-05,2.6178494209094553e-06,8.784202710231172e-06,0.6023960587064854,0.11816086943924109
1962-08-31,0.09357211381081927,0.1910795979415991,0.08361343485996936,2.187459429789616e-06,6.608439916992324e-06,0.6317260574882655
1962-09-30,3.0056932236087836e-05,1.9413978536363033e-06,0.7289741228473167,2.519305968167409e-05,0.270960484774103,8.200988808914847e-06
1962-10-31,1.8556416814482869e-06,2.150056636907381e-06,0.9844796328889467,6.826716975732599e-07,0.01551394659057448,1.7321504628379978e-06
1962-11-30,0.028949344020258377,4.593248279905982e-06,1.7562295363551273e-05,0.3053815025101305,1.2193561664639553e-05,0.6656348043643031
1962-12-31,0.00012803723469151533,4.4240532907346327e-05,5.019151287319592e-06,9.35546034518502e-05,0.1888868430046764,0.8108423054729855
1963-01-31,0.2535061380121406,0.30987975341985086,0.43642533554706675,3.5497448415945254e-05,9.135846338509248e-05,6.191710914082539e-05
1963-02-28,5.546950866941013e-06,0.20910387846221273,0.46788223897388154,5.648360774301568e-06,0.3229980572384336,4.630013830922376e-06
1963-03-31,1.0170537353304557e-05,0.5001595413791022,0.4493957630137168,8.76219611178945e-06,0.05042308836390572,2.674509810102314e-06
1963-04-30,1.9266299487756353e-05,1.2142446991644011e-05,1.7309972963950178e-05,0.7860372285669824,0.21390370414191115,1.0348571663098206e-05
1963-05-31,6.9956797989450766e-06,0.20733700231877383,0.7926349266159641,9.294200626726067e-07,1.0327034934547349e-05,9.818930465937527e-06
1963-06-30,0.7150236322708658,3.308004705222418e-06,4.051276726500581e-06,9.973983351624144e-06,1.5997082215139986e-06,0.2849574347561294
1963-07-31,2.154795270141894e-05,1.9335505526911168e-05,5.835223561838167e-06,9.449143255488608e-06,0.3045265912734417,0.6954172409015127
1963-08-31,8.38743128111908e-05,4.527283921806306e-05,5.6338141352088964e-05,1.3437279630079592e-05,0.23988523505197237,0.7599158423750161
1963-09-30,0.5924958308824118,0.4074204633842269,4.059121998123298e-06,3.9851425107448695e-05,3.672081142148913e-05,3.074374834340571e-06
1963-10-31,1.9322598064565223e-05,6.4462187922279685e-06,1.626990779416577e-05,2.4093428516106782e-06,0.05924127872985055,0.940714273202647
1963-11-30,0.23705578777744055,0.6485235301035919,7.450320980085628e-07,4.710334586789914e-06,0.11441353778985947,1.6889624234071164e-06
1963-12-31,6.801566437556439e-05,3.871604114717417e-05,2.3391231186211343e-06,5.6794884744253424e-05,0.2721866754991774,0.7276474587874371
1964-01-31,5.214155780024426e-06,0.17891152569755917,0.10518555991295736,0.7158953053030425,2.674497972434103e-07,2.1274808637888804e-06
1964-02-29,4.580787842600939e-07,0.04851878765361315,3.6312287671518823e-07,0.8637096759831271,0.0877698505842207,8.64577378211944e-07
1964-03-31,3.871999083554652e-05,0.21769330735170594,0.7821912985024249,1.06950307549931e-05,1.0471284822823415e-05,5.550783945607022e-05
1964-04-30,0.09399270686526982,0.257163532982695,0.1257365341356656,1.1388793203732162e-05,0.5230949637779266,8.73445239158192e-07
1964-05-31,6.416724660466445e-06,1.6584347186732286e-06,4.610087693048409e-06,0.12643376534198983,0.14749239480391163,0.7260611546070265
1964-06-30,0.5073082940218608,0.4926723327752919,2.548861273629149e-06,3.3574459645895173e-06,3.798038392475227e-06,9.668857216474542e-06
1964-07-31,0.0033262956673291667,9.79188369885812e-08,0.003880223796286326,1.1596181763937947e-07,0.9927931850138882,8.164184145633216e-08
1964-08-31,0.06579106665339811,0.030647745769716482,0.025044777795712875,0.8785123294551858,1.5299642069123412e-06,2.5503617799908656e-06
1964-09-30,0.467431404925052,0.29967695938688543,9.179662572251542e-07,5.2392389633985745e-06,0.23287956084172515,5.917641116875424e-06
1964-10-31,1.3425890299797356e-05,0.9999168541013613,2.1201792142810636e-06,1.0521076381969056e-05,3.609939773986158e-05,2.097935500274652e-05
1964-11-30,2.064874678468346e-05,3.489120783592864e-05,4.45089783162177e-05,3.989411920940874e-05,2.6352568151630717e-05,0.9998337043797021
1964-12-31,0.40844014774065923,1.0369233893347998e-05,1.398222438919664e-05,3.897333556101363e-06,0.462631560403239,0.1289000430642632
1965-01-31,0.6082753612308511,1.839074519282145e-06,2.1344724469079167e-05,1.263472556128801e-05,3.427008282973007e-05,0.39165455016176953
1965-02-28,4.517800584801557e-06,0.5679996518200006,8.639871353027882e-06,1.4239108674684234e-06,8.310824628489993e-06,0.4319774557725657
1965-03-31,9.818369650013493e-06,0.9998157302436441,3.4558473610464095e-06,2.217546857040323e-05,8.804940228988189e-05,6.077066848453186e-05
1965-04-30,1.8615011230098222e-05,0.23941089674604413,7.056180977228097e-06,2.3221485778152833e-06,3.7209422623067784e-06,0.7605573889709084
1965-05-31,8.379079001518506e-06,2.129785107579808e-07,1.026081884325078e-05,0.37187809677412054,1.9571876023654102e-06,0.6281010931619215
1965-06-30,0.2055134747639806,4.854317268748791e-05,0.4727968708077872,7.346377226646119e-05,0.32153914130191974,2.8506181358440463e-05
1965-07-31,9.741602325389262e-05,0.9998422974343675,7.65218615932883e-06,3.6028235311391264e-05,5.621043926405529e-06,1.0985076981620362e-05
1965-08-31,9.136009072537037e-06,5.8596988677408003e-08,1.0322886294937357e-05,0.8853185248327091,7.773851394155397e-06,0.11465418382354058
1965-09-30,8.976173183283586e-06,0.22938048181782675,4.512424204883986e-06,0.06400463237302002,0.3475467413478008,0.3590546558639642
1965-10-31,8.090505338743771e-05,0.7373187725477087,3.2114363454044955e-05,0.26252019872453497,4.292852815859178e-05,5.080782756211862e-06
1965-11-30,0.0001974184565302875,3.6798245056128605e-07,9.818030586006446e-05,0.6182618656174484,8.40670754837245e-05,0.38135810056222685
1965-12-31,2.5280628915430615e-07,0.33163265915278156,0.6682930832524449,1.4621896027666209e-05,3.425131236679487e-05,2.513158008990213e-05
1966-01-31,0.00021963811528916943,0.384567708939647,1.7538930047827347e-05,0.6150881366590886,8.217858491113562e-05,2.4798771016410902e-05
1966-02-28,0.00026611956220427114,0.4462311259672107,5.716816733936116e-05,0.2707423261572661,0.00013988699941746413,0.282563373146562
1966-03-31,7.252929784633338e-05,0.00010758702056131987,0.00010436980634221384,1.6733911894417762e-05,5.541044548384103e-05,0.9996433695178719
1966-04-30,4.3665381324649546e-05,0.5880531933953497,1.5365636741808374e-05,0.3370561012492317,1.5438386112748724e-05,0.0748162359512396
1966-05-31,0.06966929717435254,2.9547468512657615e-05,0.35739155880906137,6.342782176949741e-05,0.5728113025831055,3.486614319829669e-05
1966-06-30,3.8415198349305124e-05,5.999939540778807e-06,9.291544050839425e-06,0.8162678144029184,6.369784670551403e-07,0.18367784193667347
1966-07-31,0.670431629505707,9.985610950509326e-07,4.104104616815009e-07,2.0534236746356633e-06,0.32956336876473324,1.5393343282643169e-06
1966-08-31,0.23052173679645582,2.7777445833399395e-05,1.653670996839684e-05,1.1081638194363986e-05,0.7693975606671569,2.5306742391000472e-05
1966-09-30,3.885966090762351e-05,4.390360767777241e-06,0.5501661166084428,5.799287577736646e-05,0.4497066503424291,2.599015167542893e-05
1966-10-31,0.20497256413723589,9.893646480943062e-06,0.13303209158753349,0.5341831516346522,0.12763792679962443,0.00016437219447302842
1966-11-30,0.5356125360380559,2.8107395429251016e-05,5.6819854959100985e-05,3.751080241019597e-05,0.4189335233268586,0.045331502582286846
1966-12-31,0.37388897728011955,0.4465391981049898,0.17955100788064315,3.146660951882692e-06,1.7119749391214088e-05,5.503239043323902e-07
1967-01-31,0.025814121516478866,0.17221301129782304,1.343886427920891e-05,0.8018149853357628,9.609586316693812e-05,4.834712248907128e-05
1967-02-28,2.6936131137188332e-05,1.083810984302426e-06,4.9351049785108804e-05,0.8531346376628167,5.0998404302761695e-05,0.14673699294097403
1967-03-31,3.355612882710717e-05,0.27123543546251355,2.7613799780196895e-05,0.5254517211494221,1.3040913082604808e-05,0.20323863254637456
1967-04-30,3.6329303437653114e-05,2.8435340638138107e-05,4.364659426604126e-05,4.566160244113573e-06,0.8668770460619629,0.13300997653945115
1967-05-31,0.6182296590081614,0.38163845301527816,4.699389226932141e-06,2.0759699116860512e-05,8.705197200511589e-05,1.9376916211362077e-05
1967-06-30,1.5302735299372947e-05,0.9413577112939163,8.779150691030074e-06,0.022917813733858976,1.3214947520231129e-05,0.03568717813871416
1967-07-31,3.2093527994348756e-05,0.4709316851250308,1.957443576894858e-06,0.5289562695317804,4.993101405674321e-05,2.8063357560688816e-05
1967-08-31,0.052167567783448957,5.69594825197425e-07,0.9478166872887324,4.5551740215181145e-06,5.325510797439421e-06,5.294648174345643e-06
1967-09-30,2.057725518282822e-05,0.5474083278837006,1.7446236929925385e-05,0.37406025469507437,2.2490415825047006e-05,0.07847090351328721
1967-10-31,3.273250909081741e-05,0.7714478076260379,9.80197235494621e-06,0.17779480430069722,4.0385486096105574e-06,0.05071081504320954
1967-11-30,0.9861380438886632,1.2863140673074112e-07,5.286068469941237e-08,2.075938630222583e-07,0.010882377525707334,0.0029791894996749
1967-12-31,3.223053483380427e-05,0.23845795618494353,0.3825800078392344,0.3788946781565673,3.287578017808272e-05,2.2515042430757313e-06
1968-01-31,0.38181604937180175,0.33534414990344924,0.28215633487350444,2.0122068553639766e-05,0.00035963983507603185,0.0003037039476149739
1968-02-29,0.07022884452668053,3.1210602782151504e-06,0.11220210990839545,2.400385622775259e-06,0.8175167934439028,4.6730675120376915e-05
1968-03-31,1.2400729223506196e-06,7.477511083394077e-06,1.828830251245269e-05,0.8495153369306147,0.07597901347282078,0.07447864371004628
1968-04-30,7.894318347446128e-05,1.8747847015084473e-06,0.00020119399879648477,0.852789079599052,6.492376226512263e-05,0.14686398467171047
1968-05-31,2.6689527648497362e-05,0.29625068305800334,1.399857126500348e-05,0.6303950084712396,4.469774726620071e-05,0.07326892262457733
1968-06-30,0.5628876621623292,3.092333014710737e-05,0.4365435329845386,0.00011392688654480845,0.00012130343498005001,0.00030265120146011923
1968-07-31,3.670024414409314e-05,0.6051352611327515,0.39463500996445994,2.502195824487085e-06,3.4330710288287955e-05,0.0001561957525316351
1968-08-31,3.094968078952469e-06,0.027832704228640114,1.1510464635303175e-06,0.0414610587776966,2.8751386170137207e-06,0.9306991158405037
1968-09-30,0.9538647355429636,0.003342023053529033,0.023092482137738592,0.019700289597445738,4.383104605538122e-07,3.135786267334133e-08
1968-10-31,7.578736502190312e-06,0.6885235694969521,0.3113908484637038,2.831282924374456e-05,1.0228405135306902e-05,3.9462068462841864e-05
1968-11-30,0.03041585088510997,0.9486455638957221,0.02093687482879411,1.1711995449918639e-06,3.527184903390727e-07,1.8647233851635032e-07
1968-12-31,0.42363617017479505,0.5762831608467087,6.268354904844053e-06,1.5879358564108152e-05,4.2838571648085156e-05,1.5682693379214857e-05
1969-01-31,0.3931002816697761,0.5019343428035324,0.10492243138263632,1.440459577101551e-05,1.454797083965552e-06,2.708475120007034e-05
1969-02-28,0.2995271002316846,6.678282164095558e-05,7.25880155802158e-05,7.065779791178036e-05,0.7001608814575626,0.00010198967561991444
1969-03-31,1.2517398964701839e-05,0.9188285859966558,5.325269636087956e-06,3.2412268634347716e-06,0.03987429514758401,0.04127603496029575
1969-04-30,8.662639174903244e-05,5.8900966078745114e-05,8.245894229718012e-05,7.643425588887433e-06,0.5644713627799719,0.43529300749431427
1969-05-31,0.00012275115819611332,8.701140021749089e-05,0.00014876986587578731,4.108054223642946e-05,5.237728332506946e-05,0.999548009750149
1969-06-30,3.858600938731826e-05,0.00044498037168115334,0.00030776628686990875,0.00027646293704206953,0.998755154907585,0.00017704948743451282
1969-07-31,0.0001880715320385963,0.00014675405327018557,6.807976804343087e-05,5.041918310918916e-05,0.9994167279230515,0.00012994754048715088
1969-08-31,0.00016891274155147047,0.00014818863311744345,0.0002713985436086814,7.325979972622961e-05,0.6657668023958853,0.3335714378861108
1969-09-30,1.9814895641123167e-05,1.6747621681614053e-05,2.647287048937756e-05,0.6839085659871713,0.26997279791150114,0.046055600713515506
1969-10-31,0.21206383492321973,3.5334403719810697e-07,0.5501395337868816,3.3637716431807366e-07,2.8911901593484263e-05,0.2377670296671036
1969-11-30,0.0002137681907644991,0.0001065900124266208,0.00014737341383767145,8.370134477958574e-05,0.4086470023225151,0.5908015647156765
1969-12-31,0.00019092948845417595,6.045131399833399e-05,4.7469990450196125e-05,0.6179278341369941,0.1429602173044831,0.23881309776562004
1970-01-31,4.596548586680778e-06,3.950969575060009e-07,1.4275729041534032e-06,0.9999481131043176,2.9830021406158558e-05,1.5637655827733357e-05
1970-02-28,1.3408771188400882e-05,0.5535000858849349,0.20731760134361543,8.066145736762528e-05,0.23897471227716105,0.00011353026573262235
1970-03-31,0.9401243485032256,0.03349199049487384,0.003039819445992157,0.023341952467238542,4.806424447986921e-07,1.4084462251801184e-06
1970-04-30,4.321586315608514e-05,1.4714993792544449e-05,0.2416220282254133,0.6517018389149235,0.10649195891525369,0.00012624308746096008
1970-05-31,2.795739095091187e-05,5.083065312970892e-06,0.19949278562803963,0.6813979946197626,0.11899850931635365,7.766997958032323e-05
1970-06-30,0.0004457818522893774,0.00014463588438426057,0.00014507983647735206,7.859760677250166e-05,0.2902625654386185,0.7089233393814579
1970-07-31,0.004701781412654303,0.13023528951070393,0.007890431680711012,1.0284523689469998e-06,0.857169576203229,1.8927403327153874e-06
1970-08-31,0.0655024011835096,0.5060003172790439,0.42841410529150287,1.87240780000912e-07,4.4740804528456864e-05,3.824820063508321e-05
1970-09-30,0.01069141711025483,0.0870201567763774,8.010916417365172e-06,0.8593701872244119,4.592304492023184e-05,0.04286430492761813
1970-10-31,0.00021732154320059353,0.00010660413284415677,9.90175496354827e-05,0.0001436114012837176,0.14804823610813592,0.8513852092649001
1970-11-30,0.0003912820171424363,0.00025779160541043316,1.64977855301706e-05,0.00035300204655994464,0.9987372955036845,0.00024413104167255443
1970-12-31,0.0765610140701502,0.2522591375714618,0.6710414395140386,1.9857347518940067e-05,7.009731038872807e-05,4.845418644162899e-05
1971-01-31,0.02823856370733138,0.0527447774845705,0.19157542435873268,0.7273561618936406,7.188604166023534e-05,1.3186514064601182e-05
1971-02-28,2.4664717250858055e-05,1.135406589027219e-05,6.898130538513151e-05,0.6925305168667967,4.54855406579202e-05,0.3073189975040193
1971-03-31,2.846478388463983e-06,3.241424218184741e-06,6.13979056849244e-06,0.9585686839075919,9.187930995984353e-06,0.0414099004682371
1971-04-30,5.249666380586613e-05,0.45908962081056837,1.3790107867958376e-05,1.501835433257389e-05,0.370715127099017,0.17011394696440824
1971-05-31,4.097919132690343e-05,4.610299830523548e-05,7.477961873720744e-05,1.1956371627126013e-05,0.454293342877088,0.5455328389429156
1971-06-30,1.6988409995140764e-05,3.186195743543387e-05,3.777279949999403e-05,0.718976158480425,0.10472433639848,0.17621288195416446
1971-07-31,0.21996689434380248,3.1450630827471604e-05,1.2203834345534104e-05,1.993948495526243e-05,0.7799551445415631,1.4367164506121163e-05
1971-08-31,8.269465761984467e-06,0.04009933786071709,1.0852133918364505e-06,4.170866028728224e-06,0.895539679817263,0.0643474567768374
1971-09-30,2.392721422244763e-05,1.3248622383252431e-05,2.094847846367494e-05,0.7292996801980717,0.2164362308008676,0.054205964685991315
1971-10-31,3.947114063994024e-06,1.955567352837212e-05,0.43668790704226695,0.3260190091440362,0.23726053213235765,9.048893746709354e-06
1971-11-30,6.448965868798496e-06,8.619176560918956e-06,7.5562353920845655e-06,0.9125889295931939,0.021030248700146473,0.06635819732883785
1971-12-31,0.1367989566522716,0.735345807611116,1.146108273032337e-05,3.253945438005796e-05,5.216521982456643e-05,0.12775906997967731
1972-01-31,1.6790800246197593e-06,0.27205715911860356,2.8175259654148054e-06,0.2963652121497513,0.00018874341048166128,0.43138438871517343
1972-02-29,1.626270498668373e-05,8.092528189752057e-06,2.219462842477556e-05,0.7578568546792437,0.21647413073688512,0.025622464722269943
1972-03-31,1.94447325008157e-05,1.4325541154143382e-05,4.365423023373671e-06,2.2195105572408234e-05,0.5149312727388018,0.48500839645894744
1972-04-30,5.693309727449904e-07,0.9576412292479073,1.5822287900682524e-07,0.03073254675874783,0.006568892551528526,0.005056603887964502
1972-05-31,8.630362625710797e-05,5.5613707047300825e-05,6.37740350540857e-05,0.8497212554166046,0.08046478508532853,0.06960826812970845
1972-06-30,3.1511051438653796e-05,2.8954917166542557e-05,2.268709363959954e-05,0.4270770705852394,0.37347653795377034,0.19936323839874545
1972-07-31,2.177167499274093e-06,1.0966648542648198e-06,0.5066939827651027,0.4531298292795815,0.0401711364018319,1.7777211303816476e-06
1972-08-31,0.09437310158708874,0.5995740581420106,0.08946826043880873,1.921727404790849e-05,0.21647436597456932,9.099658347470241e-05
1972-09-30,0.0002264472289036357,0.0001407400141978203,1.97522865319629e-05,6.10963827844333e-05,0.9995513481293153,6.159582668389844e-07
1972-10-31,7.365060878913839e-05,4.91130896125886e-05,0.6031627725390273,3.373898008790929e-05,0.39657596925541494,0.00010475552706826009
1972-11-30,0.13245961068205162,0.3530854178610014,0.5141500181007497,8.426819419525681e-05,5.030518371107259e-05,0.00017037997829077322
1972-12-31,0.0004282846226200122,0.00019672866265172135,0.0002638202800608773,0.00021898258357422348,0.5888313385836069,0.4100608452674863
1973-01-31,0.5533482050783559,0.1204135745734844,0.027060701593252873,0.05122580727034511,0.10552147478665602,0.14243023669790575
1973-02-28,5.083340322207045e-05,6.5287120277193745e-06,0.2568935152345977,0.6064669758739772,0.1365339765103191,4.817026585631324e-05
1973-03-31,0.0001333613725396965,4.847514542130124e-06,0.5618171594272191,3.052969133771837e-06,0.43798949052043934,5.2088196125913314e-05
1973-04-30,9.73474037720758e-05,0.6079577271473208,0.12448455614613188,9.535780677938892e-06,0.2673768789208218,7.395460127558643e-05
1973-05-31,0.0003360950932530752,0.00012876694997559864,2.8086568345367915e-05,0.8639921848877133,0.13551025203801204,4.614462700557776e-06
1973-06-30,5.033980654608358e-06,9.219198051199998e-07,0.01589837626212102,0.9732317778736382,0.01086341826989784,4.7169388315471603e-07
1973-07-31,0.0561515008025301,0.8080999297675197,0.0001517805435128936,6.373703902620758e-05,0.00016348986558337327,0.1353695619818276
1973-08-31,2.6663749697096346e-05,7.829670376815997e-07,0.5880464522044344,5.0726003915614666e-06,0.037934494227249635,0.37398653425118966
1973-09-30,0.14427720414507486,0.3800400529506506,0.47551110897910653,1.926232746844615e-05,6.631429754009905e-05,8.605730015951738e-05
1973-10-31,0.00022619466681951642,0.432780925461245,0.5669437303316615,1.784068858139075e-05,1.9757152471407127e-05,1.1551699221203014e-05
1973-11-30,0.00019766094692621677,2.0792876240563113e-05,0.19649701393121236,0.6700663433450895,0.1331729077745826,4.52811259485561e-05
1973-12-31,0.00019064925003291338,3.285753820576971e-06,0.11035698974442956,0.8355565663960471,0.05388458162420262,7.927231467106189e-06
1974-01-31,0.1526361128869429,0.3043984657072014,0.5408358926694402,0.00018513632439521433,0.0011920155053368512,0.000752376906683547
1974-02-28,4.683680762262181e-06,0.24032839397181435,0.7596306278186102,2.948894245968424e-06,7.648557143802204e-06,2.5697077423340896e-05
1974-03-31,0.9982202697521426,6.0148648065347725e-05,0.0005231135446775954,0.00022280587790643504,0.0006285575791780857,0.00034510459802994853
1974-04-30,8.607678215284479e-07,4.351786452537888e-07,1.234634360118888e-06,3.6434533988988756e-08,0.044676821665434054,0.955320611319205
1974-05-31,0.24280507727347594,5.68873319535696e-05,0.0001183757931118054,0.517561523517222,0.23945676292316026,1.3731610765148335e-06
1974-06-30,1.3001660966723617e-05,5.532369951511683e-06,1.579782497805378e-05,0.8091776510136202,0.06315816696555178,0.12762985016493186
1974-07-31,5.9674440168282436e-05,0.7466796325098645,0.25277692353400305,1.8435567184227365e-05,0.00012835561737816094,0.00033697833140173856
1974-08-31,7.411220862291262e-06,0.34467780865570485,0.054775063494965255,0.6005209384855364,6.9917594423126566e-06,1.1786383488844082e-05
1974-09-30,0.0001123709566907711,0.6161704827370114,0.3826143608175066,0.00011536992441398656,0.0002856437068187513,0.0007017718575585541
1974-10-31,0.48525283430085464,0.0006874772206732719,0.00025655169261683264,0.0003997706245050918,0.2192744553632655,0.29412891079808473
1974-11-30,1.768907325636177e-05,0.34334149999486124,0.06652816007151797,0.5557846949536702,0.03432588610966157,2.06979703269135e-06
1974-12-31,1.823740743516345e-05,3.97777275925759e-06,2.0150373198384376e-07,0.9818940531712904,0.0180781492614082,5.380883374953574e-06
1975-01-31,0.14444436356300458,0.3281372430958557,0.5223595925404987,0.00021184275596548895,0.0029912913391567882,0.0018556667055189561
1975-02-28,0.1732090248642164,5.333649091132637e-05,0.0001459216686498282,7.891386278270407e-05,0.6983311227774227,0.12818168033601693
1975-03-31,0.6243880697348567,0.37546413625175584,7.377920606754672e-05,1.122349546099744e-06,6.95145305699386e-05,3.377927203966959e-06
1975-04-30,0.3759826550150864,4.657828531556932e-05,8.709037845506424e-05,0.2205146205450205,0.22239676648789378,0.1809722892882287
1975-05-31,0.3533954139901251,0.31200339832944507,0.15181249766728483,2.149381712759876e-05,2.073267673984521e-05,0.18274646351927756
1975-06-30,0.9250721162920604,0.0468533388348554,0.028047133206409572,1.2192583437423717e-05,6.432413856271784e-06,8.786669380923952e-06
1975-07-31,0.3839725972277157,0.6157607088136183,2.3531866798748083e-07,6.02798556353238e-06,0.0001330582297751452,0.00012737242465912977
1975-08-31,5.279187765252393e-06,0.0002355218539299622,0.00023822684342293449,9.187643168356961e-05,0.9991864977776785,0.00024259790551963865
1975-09-30,0.21474029737599634,0.10038118492124772,0.23535454387316918,0.005877651057384045,0.12666834557119178,0.31697797720101084
1975-10-31,1.5324060881081733e-06,0.053118539401953886,0.2774436974880316,0.5224778647488,0.04105630672720417,0.10590205922792231
1975-11-30,0.4468104854089316,0.1522801102125062,0.25855264564973673,0.14232016766959166,2.123360532626091e-05,1.5357453907509736e-05
1975-12-31,0.13017270177169896,0.2699042598093198,0.054234774545211674,8.896333892617535e-06,0.5456654501213605,1.3917418516403075e-05
1976-01-31,0.6285742478928941,0.37063760724759415,3.53836164181998e-05,8.794070633081227e-05,0.0004336356662354568,0.00023118487052741434
1976-02-29,0.19135371630272416,0.03361418059024238,0.7326866500747385,0.042264640715740785,5.618875920126442e-05,2.4623557352745128e-05
1976-03-31,0.6279926413234546,0.1393599754692846,0.09610481515145197,5.139126002295187e-06,0.13653260937756126,4.819552245448155e-06
1976-04-30,0.6582703455592465,3.015051322027459e-06,0.3416919940192777,1.4637687153496515e-05,2.0842808676644993e-06,1.7923402132774346e-05
1976-05-31,0.2015056948579489,2.3458744735836166e-05,6.853258698187527e-06,0.6274170543864205,0.17103309664324615,1.3842108950507967e-05
1976-06-30,0.13072288842634772,1.7898766226346133e-06,0.2831861661104761,0.4906816803835105,0.09540134374422785,6.1314588150908035e-06
1976-07-31,0.4165347462998037,0.3504106823084004,0.23291189976881774,3.259209157463265e-05,4.4314221370881535e-05,6.576531003246305e-05
1976-08-31,0.040061251545105286,0.7987931013874392,0.03876038574338799,0.06206165477664085,0.060317749343762175,5.857203664471359e-06
1976-09-30,2.3199542617451605e-06,1.8318349177606577e-06,0.40820018687058013,0.17494960821819489,0.4168439156802294,2.137441816260382e-06
1976-10-31,2.9506911473985656e-06,4.626377160448828e-07,0.07544778014473418,0.3394378869193934,0.5851032064467574,7.713160251488176e-06
1976-11-30,4.158978191993035e-06,0.07685925595040433,0.34141143349608033,0.5817187848542458,1.8621212743983086e-06,4.504599802991293e-06
1976-12-31,0.4032424566816705,0.34031711748044857,0.25626905546326606,3.178195466860822e-05,8.325686688265701e-05,5.6331553063461605e-05
1977-01-31,0.00016948866647321944,0.22612966104527799,0.1839953422303185,0.589286252608297,0.0002454162581371012,0.00017383919149605798
1977-02-28,0.264318972046957,0.7356586340820523,3.259285855677149e-06,4.999610266507294e-06,8.138142753548383e-06,5.996832114812509e-06
1977-03-31,4.537949724292279e-06,0.5184477218862268,0.4814965442925527,7.271942862506271e-06,2.4470323568165257e-05,1.9453605065559913e-05
1977-04-30,9.703065560000291e-05,0.6279964226762285,0.37181831962137,1.5561837217505472e-06,1.6750255970560636e-05,6.992060710917085e-05
1977-05-31,1.5290641130669385e-05,3.9219218719432965e-06,0.6947273475996029,0.3052360442360115,9.163302297845893e-06,8.232299085132688e-06
1977-06-30,1.0618777029043175e-05,4.26210514038916e-05,3.808712380842759e-05,0.5555670754629342,4.0091623430691334e-05,0.44430150596139373
1977-07-31,6.150625313240072e-07,0.9609030630373102,0.03909342772263373,4.362569428290301e-07,1.9919772238073683e-06,4.6594335818211024e-07
1977-08-31,0.3370311120733153,2.1913855173235315e-05,4.403491231781896e-05,0.38931748189172266,2.753542290347768e-05,0.2735579218445674
1977-09-30,1.9337380699030237e-05,5.800710983525991e-06,2.7676462997959877e-06,2.4054581943786693e-06,9.81069909431702e-06,0.999959878104729
1977-10-31,1.9611838234483102e-07,0.2206031664634277,1.6790215727977115e-06,0.7793863497172816,4.797306990418973e-06,3.8113723452933457e-06
1977-11-30,1.4350126498251439e-05,1.3558825283443955e-06,2.0481293413865195e-05,1.0440035410906337e-06,4.547348959824269e-05,0.9999172952044203
1977-12-31,1.1079452795776852e-05,5.039581725740903e-07,7.73889392355027e-06,0.27596906561776996,1.0766596192718663e-05,0.7240008454811454
1978-01-31,0.767507767191255,0.10557847053336243,0.12682842828251104,1.8328764537388347e-06,5.649784549391846e-05,2.7003270923979742e-05
1978-02-28,6.949146622869412e-05,2.4591372048092728e-05,4.4741549430344195e-05,0.9997231283928286,9.481799894922873e-05,4.3229220515090795e-05
1978-03-31,5.267131726229898e-06,0.4961798149620858,2.479016522423822e-06,0.5037950111991782,1.4382739372868872e-05,3.044951114560482e-06
1978-04-30,0.16148945501604894,1.3516373001558311e-05,2.1212265874467532e-05,0.6483200913018619,0.13994625260755825,0.050209472435655045
1978-05-31,6.742445734092026e-05,1.2875930686202162e-05,5.644216769353254e-05,0.7192627058521149,6.794842874770659e-05,0.28053260316341666
1978-06-30,5.79739804590648e-05,2.0202272181205806e-06,1.6929921690833254e-05,3.7637300532844717e-05,5.849628729750935e-05,0.9998269422828017
1978-07-31,7.066462789818458e-05,1.5835563718979994e-05,2.78609997885415e-05,0.7498419715078911,8.688051989878553e-07,0.25004279849550404
1978-08-31,5.5549007595615475e-05,3.1054058469777896e-06,3.535188019143461e-05,0.4558930724848985,5.143495527550879e-05,0.543961486266192
1978-09-30,0.23791589090460905,0.43045537911427517,0.3314562226952587,8.572587223022449e-05,1.5447911762114095e-05,7.133350186483557e-05
1978-10-31,0.15653542484066688,6.518711209878473e-05,0.6272836397981248,0.00010101940643472315,0.2157396719288695,0.00027505691380514064
1978-11-30,0.00019859308027481273,3.414306017425817e-05,0.00014953619280340738,0.0002704555374398026,0.00020081754962485962,0.999146454579683
1978-12-31,1.553579951580581e-05,1.304209141856137e-05,1.592086038743073e-05,0.3651306825705184,0.4944954033158815,0.14032941536227828
1979-01-31,0.2276980788481426,0.32530187728218335,0.4466814258239754,7.453419036420407e-05,0.00017493154118436354,6.915231415002422e-05
1979-02-28,1.5261853000811533e-06,0.03991541264240724,0.03047043900374111,0.9296098394421557,9.165996096177507e-07,1.8661267862871852e-06
1979-03-31,7.237501904122461e-05,3.2826436224919904e-06,1.257040510289551e-05,0.4264044328430891,4.787197498659489e-05,0.5734594671141576
1979-04-30,1.582846615074953e-05,9.975288615129925e-06,3.592088448024334e-05,0.9999027212514984,3.381873104004405e-05,1.7353782155407486e-06
1979-05-31,1.3549279227595872e-06,0.6003863197750275,0.3995515090924129,2.3111906611972998e-05,6.76584816741527e-06,3.093844985740481e-05
1979-06-30,4.242825385744204e-06,0.020032770255578286,0.010318935288049343,0.028073433179834854,0.8040405542949601,0.13753006415619165
1979-07-31,0.999628372764644,7.441891016157444e-05,1.2022107830502661e-05,0.0001254166500949136,1.1864116945255918e-06,0.00015858315557455848
1979-08-31,1.6600595651113157e-05,8.421176890727612e-05,0.0001666968438517171,0.0001312768559453533,8.564764729490113e-05,0.9995155662883496
1979-09-30,8.994727666879733e-05,2.417461749162615e-05,2.7828997149997073e-05,0.517197986450745,0.2213867423384834,0.26127332031946127
1979-10-31,1.0731713887132286e-05,1.350377951577328e-05,1.0800184610942791e-05,0.8191963559801039,0.05564797727211843,0.12512063106976398
1979-11-30,2.763851345494738e-05,2.0568051540609235e-06,0.12026615412146392,1.434216277767923e-06,0.8625197253292919,0.017182991014357368
1979-12-31,4.7454495185853446e-05,8.425017636559869e-06,1.301215538536575e-05,0.9229664344290752,1.3818186006509925e-05,0.07695085571671059
1980-01-31,0.0008098997875617993,4.476886411321497e-05,3.4931868601371e-05,0.40880698776057944,4.167213199625922e-05,0.5902617395871479
1980-02-29,0.000471800257521934,6.0552045973971665e-05,2.3062659973944074e-06,0.3096377576752,0.4382139985626698,0.2516135851926368
1980-03-31,0.1609350643501283,0.00019572852401264677,5.6825310137577e-05,0.0009673555550928403,0.8370393929335439,0.0008056333270846648
1980-04-30,0.06430939551769656,0.09669419163049482,0.03049632686635877,0.5591705181316747,3.25572147010187e-06,0.24932631213230505
1980-05-31,0.11276846044925665,0.8871466766482488,1.0107906954596985e-05,2.7243529484362086e-05,1.655432046726527e-05,3.095714558842441e-05
1980-06-30,5.2342166100464825e-05,2.8632837572578463e-05,0.3727351447862138,3.647348606306361e-05,0.4193839598702777,0.2077634468537724
1980-07-31,0.8653368495810204,7.995154252292312e-05,0.00017375774998310215,4.9864337707562356e-05,5.402505914531851e-05,0.1343055517296207
1980-08-31,3.445794687937342e-05,2.6816236980534424e-05,4.0098609911048804e-05,0.8635621704227654,6.250620643396933e-05,0.1362739505770297
1980-09-30,7.313959413331653e-05,7.544563134650377e-05,5.573140681429754e-05,0.6664628317623054,0.219671969438268,0.11366088216713255
1980-10-31,0.00021051305024883453,4.6036974968637675e-05,3.427604468294175e-05,0.743138435538363,2.304261019833721e-06,0.2565684341307166
1980-11-30,0.0009481415387786309,0.0006188137208621385,0.0004234119548732789,0.5467907018874305,0.2531729318161294,0.19804599908192613
1980-12-31,0.1622137313580748,0.4387228486295244,0.39865684008680113,0.00014212454028805703,6.302126091302052e-05,0.00020143412439870944
1981-01-31,0.08627742041951972,0.12987657068497924,0.23762675312959333,0.5456896104798229,0.00025087372755501036,0.00027877155852988513
1981-02-28,0.3633994920708001,0.231110892191433,4.233045625162869e-06,0.12252493381901318,0.2829385314553372,2.1917417791266135e-05
1981-03-31,0.027964092565021623,0.034723285144493236,0.9372949999918083,6.63956631556651e-06,5.887135672105945e-06,5.095596689107438e-06
1981-04-30,5.5489763516189e-05,0.9996630849126972,5.994369115471748e-05,6.058158446506186e-06,0.00016206997700424696,5.3353497181028575e-05
1981-05-31,0.0001971140420228516,3.222145630786661e-05,3.8016084711433475e-05,0.45350567784492046,4.96288992469567e-05,0.5461773416727905
1981-06-30,0.25440389992618206,0.4413381415341701,0.30368085587570315,0.00010250880449646332,7.810623620930128e-05,0.000396487623238816
1981-07-31,0.034631556027807965,2.074629738884418e-05,0.5243638275126793,0.2008062042272424,0.05080980533601835,0.18936786059886304
1981-08-31,1.29534075187985e-06,9.599890191971975e-07,0.09880880808672934,0.7112632320602886,0.18990869846812955,1.7006055081421496e-05
1981-09-30,0.00016840166769063413,5.0671057724143196e-08,3.7124577443081794e-05,0.0001210472499343255,0.9995134925138414,0.0001598833200328823
1981-10-31,9.496732113004718e-05,0.00011110226839404844,6.138993511788902e-05,0.6425683029218985,0.25373163441366026,0.10343260313979909
1981-11-30,0.4799761870352457,0.3170606093487757,0.20284527214307257,3.1452907514131514e-05,9.876148311889522e-06,7.660241707977107e-05
1981-12-31,0.027656971918119576,0.0022182553346880396,0.30656858628238787,0.14177671408829862,0.2529083686859696,0.2688711036905364
1982-01-31,0.00010659035229247012,0.9996307444370764,2.4127526309627022e-05,6.421868799274188e-05,6.854675664212533e-05,0.00010577223968670667
1982-02-28,0.00011170990020802761,0.16704195049287993,0.5516413745006012,0.28110109072453865,2.367543265001234e-05,8.019894912202314e-05
